<annotation verified="yes">
	<folder>save</folder>
	<filename>-61oMm0BJleJMoPMunIz.jpg</filename>
	<path/>
	<source>
		<database>Unknown</database>
	</source>
	<size>
		<width>1</width>
		<height>1</height>
		<depth>1</depth>
	</size>
	<segmented>0</segmented>
	<object>
		<name>face</name>
		<pose>Unspecified</pose>
		<truncated>0</truncated>
		<difficult>0</difficult>
		<bndbox>
			<xmin>171</xmin>
			<ymin>102</ymin>
			<xmax>404</xmax>
			<ymax>359</ymax>
		</bndbox>
	</object>
</annotation>
