<annotation verified="yes">
	<folder>save</folder>
	<filename>0110-ctm-facemaskdangers-hale-2005889-640x360.jpg</filename>
	<path/>
	<source>
		<database>Unknown</database>
	</source>
	<size>
		<width>1</width>
		<height>1</height>
		<depth>1</depth>
	</size>
	<segmented>0</segmented>
	<object>
		<name>face</name>
		<pose>Unspecified</pose>
		<truncated>0</truncated>
		<difficult>0</difficult>
		<bndbox>
			<xmin>364</xmin>
			<ymin>71</ymin>
			<xmax>686</xmax>
			<ymax>407</ymax>
		</bndbox>
	</object>
</annotation>
