<annotation verified="yes">
	<folder>save</folder>
	<filename>0252f4ed-3b1f-42bb-a947-ae658a8be043.jpg</filename>
	<path/>
	<source>
		<database>Unknown</database>
	</source>
	<size>
		<width>1</width>
		<height>1</height>
		<depth>1</depth>
	</size>
	<segmented>0</segmented>
	<object>
		<name>face</name>
		<pose>Unspecified</pose>
		<truncated>0</truncated>
		<difficult>0</difficult>
		<bndbox>
			<xmin>451</xmin>
			<ymin>353</ymin>
			<xmax>807</xmax>
			<ymax>690</ymax>
		</bndbox>
	</object>
</annotation>
