<annotation verified="yes">
	<folder>save</folder>
	<filename>031fdac9-07fb-309d-68e0-35a545a40c73.jpg</filename>
	<path/>
	<source>
		<database>Unknown</database>
	</source>
	<size>
		<width>1</width>
		<height>1</height>
		<depth>1</depth>
	</size>
	<segmented>0</segmented>
	<object>
		<name>face</name>
		<pose>Unspecified</pose>
		<truncated>0</truncated>
		<difficult>0</difficult>
		<bndbox>
			<xmin>232</xmin>
			<ymin>192</ymin>
			<xmax>430</xmax>
			<ymax>391</ymax>
		</bndbox>
	</object>
</annotation>
