<annotation verified="yes">
	<folder>save</folder>
	<filename>048cb9da8da67d890825e534e09a0edc.jpg</filename>
	<path/>
	<source>
		<database>Unknown</database>
	</source>
	<size>
		<width>1</width>
		<height>1</height>
		<depth>1</depth>
	</size>
	<segmented>0</segmented>
	<object>
		<name>face</name>
		<pose>Unspecified</pose>
		<truncated>0</truncated>
		<difficult>0</difficult>
		<bndbox>
			<xmin>156</xmin>
			<ymin>87</ymin>
			<xmax>380</xmax>
			<ymax>311</ymax>
		</bndbox>
	</object>
</annotation>
