<annotation verified="yes">
	<folder>save</folder>
	<filename>07ecea3a0cb197e8245bc2117e7765f6.jpg</filename>
	<path/>
	<source>
		<database>Unknown</database>
	</source>
	<size>
		<width>1</width>
		<height>1</height>
		<depth>1</depth>
	</size>
	<segmented>0</segmented>
	<object>
		<name>face</name>
		<pose>Unspecified</pose>
		<truncated>0</truncated>
		<difficult>0</difficult>
		<bndbox>
			<xmin>104</xmin>
			<ymin>137</ymin>
			<xmax>241</xmax>
			<ymax>279</ymax>
		</bndbox>
	</object>
</annotation>
