<annotation verified="yes">
	<folder>save</folder>
	<filename>09d28b62-4c04-4673-8067-6c30bcf36ce0.jpg</filename>
	<path/>
	<source>
		<database>Unknown</database>
	</source>
	<size>
		<width>1</width>
		<height>1</height>
		<depth>1</depth>
	</size>
	<segmented>0</segmented>
	<object>
		<name>face</name>
		<pose>Unspecified</pose>
		<truncated>0</truncated>
		<difficult>0</difficult>
		<bndbox>
			<xmin>51</xmin>
			<ymin>61</ymin>
			<xmax>324</xmax>
			<ymax>385</ymax>
		</bndbox>
	</object>
</annotation>
