<annotation verified="yes">
	<folder>save</folder>
	<filename>1-wavy-brunette-balayage-lob.jpg</filename>
	<path/>
	<source>
		<database>Unknown</database>
	</source>
	<size>
		<width>1</width>
		<height>1</height>
		<depth>1</depth>
	</size>
	<segmented>0</segmented>
	<object>
		<name>face</name>
		<pose>Unspecified</pose>
		<truncated>0</truncated>
		<difficult>0</difficult>
		<bndbox>
			<xmin>198</xmin>
			<ymin>144</ymin>
			<xmax>368</xmax>
			<ymax>332</ymax>
		</bndbox>
	</object>
</annotation>
