<annotation verified="yes">
	<folder>save</folder>
	<filename>110064892-side-view-of-young-handsome-man-face.jpg</filename>
	<path/>
	<source>
		<database>Unknown</database>
	</source>
	<size>
		<width>1</width>
		<height>1</height>
		<depth>1</depth>
	</size>
	<segmented>0</segmented>
	<object>
		<name>face</name>
		<pose>Unspecified</pose>
		<truncated>0</truncated>
		<difficult>0</difficult>
		<bndbox>
			<xmin>501</xmin>
			<ymin>331</ymin>
			<xmax>805</xmax>
			<ymax>710</ymax>
		</bndbox>
	</object>
</annotation>
