<annotation verified="yes">
	<folder>save</folder>
	<filename>11f9032eebf84b818288ea6628f6e73b.jpg</filename>
	<path/>
	<source>
		<database>Unknown</database>
	</source>
	<size>
		<width>1</width>
		<height>1</height>
		<depth>1</depth>
	</size>
	<segmented>0</segmented>
	<object>
		<name>face</name>
		<pose>Unspecified</pose>
		<truncated>0</truncated>
		<difficult>0</difficult>
		<bndbox>
			<xmin>454</xmin>
			<ymin>184</ymin>
			<xmax>840</xmax>
			<ymax>674</ymax>
		</bndbox>
	</object>
</annotation>
