<annotation verified="yes">
	<folder>save</folder>
	<filename>1303c0becd03211414de9f.jpg</filename>
	<path/>
	<source>
		<database>Unknown</database>
	</source>
	<size>
		<width>1</width>
		<height>1</height>
		<depth>1</depth>
	</size>
	<segmented>0</segmented>
	<object>
		<name>face</name>
		<pose>Unspecified</pose>
		<truncated>0</truncated>
		<difficult>0</difficult>
		<bndbox>
			<xmin>138</xmin>
			<ymin>93</ymin>
			<xmax>307</xmax>
			<ymax>268</ymax>
		</bndbox>
	</object>
</annotation>
