<annotation verified="yes">
	<folder>save</folder>
	<filename>1324531850-213234250.jpg</filename>
	<path/>
	<source>
		<database>Unknown</database>
	</source>
	<size>
		<width>1</width>
		<height>1</height>
		<depth>1</depth>
	</size>
	<segmented>0</segmented>
	<object>
		<name>face</name>
		<pose>Unspecified</pose>
		<truncated>0</truncated>
		<difficult>0</difficult>
		<bndbox>
			<xmin>265</xmin>
			<ymin>106</ymin>
			<xmax>434</xmax>
			<ymax>292</ymax>
		</bndbox>
	</object>
</annotation>
