<annotation verified="yes">
	<folder>save</folder>
	<filename>14284197-beautiful-young-woman-face-brown-eyes-isolated-close-up-looking-up-side.jpg</filename>
	<path/>
	<source>
		<database>Unknown</database>
	</source>
	<size>
		<width>1</width>
		<height>1</height>
		<depth>1</depth>
	</size>
	<segmented>0</segmented>
	<object>
		<name>face</name>
		<pose>Unspecified</pose>
		<truncated>0</truncated>
		<difficult>0</difficult>
		<bndbox>
			<xmin>367</xmin>
			<ymin>360</ymin>
			<xmax>770</xmax>
			<ymax>800</ymax>
		</bndbox>
	</object>
</annotation>
