<annotation verified="yes">
	<folder>save</folder>
	<filename>1462007339-3214771070_wn.jpg</filename>
	<path/>
	<source>
		<database>Unknown</database>
	</source>
	<size>
		<width>1</width>
		<height>1</height>
		<depth>1</depth>
	</size>
	<segmented>0</segmented>
	<object>
		<name>face</name>
		<pose>Unspecified</pose>
		<truncated>0</truncated>
		<difficult>0</difficult>
		<bndbox>
			<xmin>84</xmin>
			<ymin>-1</ymin>
			<xmax>339</xmax>
			<ymax>265</ymax>
		</bndbox>
	</object>
</annotation>
