<annotation verified="yes">
	<folder>save</folder>
	<filename>14940647262477XPEUwH3sxH.jpg</filename>
	<path/>
	<source>
		<database>Unknown</database>
	</source>
	<size>
		<width>1</width>
		<height>1</height>
		<depth>1</depth>
	</size>
	<segmented>0</segmented>
	<object>
		<name>face</name>
		<pose>Unspecified</pose>
		<truncated>0</truncated>
		<difficult>0</difficult>
		<bndbox>
			<xmin>319</xmin>
			<ymin>73</ymin>
			<xmax>556</xmax>
			<ymax>373</ymax>
		</bndbox>
	</object>
</annotation>
