<annotation verified="yes">
	<folder>save</folder>
	<filename>1503d07db3ca2d6baecfc5b798d4f027.jpg</filename>
	<path/>
	<source>
		<database>Unknown</database>
	</source>
	<size>
		<width>1</width>
		<height>1</height>
		<depth>1</depth>
	</size>
	<segmented>0</segmented>
	<object>
		<name>face</name>
		<pose>Unspecified</pose>
		<truncated>0</truncated>
		<difficult>0</difficult>
		<bndbox>
			<xmin>234</xmin>
			<ymin>168</ymin>
			<xmax>437</xmax>
			<ymax>375</ymax>
		</bndbox>
	</object>
</annotation>
