<annotation verified="yes">
	<folder>save</folder>
	<filename>1511c2af8e002414538e8e.jpg</filename>
	<path/>
	<source>
		<database>Unknown</database>
	</source>
	<size>
		<width>1</width>
		<height>1</height>
		<depth>1</depth>
	</size>
	<segmented>0</segmented>
	<object>
		<name>face</name>
		<pose>Unspecified</pose>
		<truncated>0</truncated>
		<difficult>0</difficult>
		<bndbox>
			<xmin>235</xmin>
			<ymin>200</ymin>
			<xmax>425</xmax>
			<ymax>409</ymax>
		</bndbox>
	</object>
</annotation>
