<annotation verified="yes">
	<folder>save</folder>
	<filename>1591455649-5edbafa1a0885.jpg</filename>
	<path/>
	<source>
		<database>Unknown</database>
	</source>
	<size>
		<width>1</width>
		<height>1</height>
		<depth>1</depth>
	</size>
	<segmented>0</segmented>
	<object>
		<name>face</name>
		<pose>Unspecified</pose>
		<truncated>0</truncated>
		<difficult>0</difficult>
		<bndbox>
			<xmin>176</xmin>
			<ymin>114</ymin>
			<xmax>305</xmax>
			<ymax>239</ymax>
		</bndbox>
	</object>
</annotation>
