<annotation verified="yes">
	<folder>save</folder>
	<filename>1596167162_357_cropped_27_1596167047_357_main_007.jpg</filename>
	<path/>
	<source>
		<database>Unknown</database>
	</source>
	<size>
		<width>1</width>
		<height>1</height>
		<depth>1</depth>
	</size>
	<segmented>0</segmented>
	<object>
		<name>face</name>
		<pose>Unspecified</pose>
		<truncated>0</truncated>
		<difficult>0</difficult>
		<bndbox>
			<xmin>779</xmin>
			<ymin>323</ymin>
			<xmax>1194</xmax>
			<ymax>720</ymax>
		</bndbox>
	</object>
</annotation>
