<annotation verified="yes">
	<folder>save</folder>
	<filename>15f0f6de-1367-45c5-b220-3c5c602d94c6.jpg</filename>
	<path/>
	<source>
		<database>Unknown</database>
	</source>
	<size>
		<width>1</width>
		<height>1</height>
		<depth>1</depth>
	</size>
	<segmented>0</segmented>
	<object>
		<name>face</name>
		<pose>Unspecified</pose>
		<truncated>0</truncated>
		<difficult>0</difficult>
		<bndbox>
			<xmin>123</xmin>
			<ymin>155</ymin>
			<xmax>286</xmax>
			<ymax>307</ymax>
		</bndbox>
	</object>
</annotation>
