<annotation verified="yes">
	<folder>save</folder>
	<filename>1625884776584-121eb49f29cd4266b5d904ff71788d11-942x629.jpg</filename>
	<path/>
	<source>
		<database>Unknown</database>
	</source>
	<size>
		<width>1</width>
		<height>1</height>
		<depth>1</depth>
	</size>
	<segmented>0</segmented>
	<object>
		<name>face</name>
		<pose>Unspecified</pose>
		<truncated>0</truncated>
		<difficult>0</difficult>
		<bndbox>
			<xmin>428</xmin>
			<ymin>183</ymin>
			<xmax>631</xmax>
			<ymax>380</ymax>
		</bndbox>
	</object>
</annotation>
