<annotation verified="yes">
	<folder>save</folder>
	<filename>162716461524645_P7082647.jpg</filename>
	<path/>
	<source>
		<database>Unknown</database>
	</source>
	<size>
		<width>1</width>
		<height>1</height>
		<depth>1</depth>
	</size>
	<segmented>0</segmented>
	<object>
		<name>face</name>
		<pose>Unspecified</pose>
		<truncated>0</truncated>
		<difficult>0</difficult>
		<bndbox>
			<xmin>311</xmin>
			<ymin>171</ymin>
			<xmax>473</xmax>
			<ymax>337</ymax>
		</bndbox>
	</object>
</annotation>
