<annotation verified="yes">
	<folder>save</folder>
	<filename>162814498657489_P13198765.jpg</filename>
	<path/>
	<source>
		<database>Unknown</database>
	</source>
	<size>
		<width>1</width>
		<height>1</height>
		<depth>1</depth>
	</size>
	<segmented>0</segmented>
	<object>
		<name>face</name>
		<pose>Unspecified</pose>
		<truncated>0</truncated>
		<difficult>0</difficult>
		<bndbox>
			<xmin>174</xmin>
			<ymin>182</ymin>
			<xmax>398</xmax>
			<ymax>403</ymax>
		</bndbox>
	</object>
</annotation>
