<annotation verified="yes">
	<folder>save</folder>
	<filename>18c563d3f7f14e9c9f0f2c1d55eb4f6f.jpg</filename>
	<path/>
	<source>
		<database>Unknown</database>
	</source>
	<size>
		<width>1</width>
		<height>1</height>
		<depth>1</depth>
	</size>
	<segmented>0</segmented>
	<object>
		<name>face</name>
		<pose>Unspecified</pose>
		<truncated>0</truncated>
		<difficult>0</difficult>
		<bndbox>
			<xmin>248</xmin>
			<ymin>84</ymin>
			<xmax>656</xmax>
			<ymax>500</ymax>
		</bndbox>
	</object>
</annotation>
