<annotation verified="yes">
	<folder>save</folder>
	<filename>20171101-053615_U3927_M342997_dcaf.jpg</filename>
	<path/>
	<source>
		<database>Unknown</database>
	</source>
	<size>
		<width>1</width>
		<height>1</height>
		<depth>1</depth>
	</size>
	<segmented>0</segmented>
	<object>
		<name>face</name>
		<pose>Unspecified</pose>
		<truncated>0</truncated>
		<difficult>0</difficult>
		<bndbox>
			<xmin>147</xmin>
			<ymin>56</ymin>
			<xmax>262</xmax>
			<ymax>173</ymax>
		</bndbox>
	</object>
</annotation>
