<annotation verified="yes">
	<folder>save</folder>
	<filename>20180806-111329_U4297_M439491_093c.jpg</filename>
	<path/>
	<source>
		<database>Unknown</database>
	</source>
	<size>
		<width>1</width>
		<height>1</height>
		<depth>1</depth>
	</size>
	<segmented>0</segmented>
	<object>
		<name>face</name>
		<pose>Unspecified</pose>
		<truncated>0</truncated>
		<difficult>0</difficult>
		<bndbox>
			<xmin>351</xmin>
			<ymin>159</ymin>
			<xmax>507</xmax>
			<ymax>327</ymax>
		</bndbox>
	</object>
</annotation>
