<annotation verified="yes">
	<folder>save</folder>
	<filename>20180509-123022_U10834_M410467_de14.jpg</filename>
	<path/>
	<source>
		<database>Unknown</database>
	</source>
	<size>
		<width>1</width>
		<height>1</height>
		<depth>1</depth>
	</size>
	<segmented>0</segmented>
	<object>
		<name>face</name>
		<pose>Unspecified</pose>
		<truncated>0</truncated>
		<difficult>0</difficult>
		<bndbox>
			<xmin>247</xmin>
			<ymin>155</ymin>
			<xmax>529</xmax>
			<ymax>434</ymax>
		</bndbox>
	</object>
</annotation>
