<annotation verified="yes">
	<folder>save</folder>
	<filename>20180601165834-83b8629332ca6ba5696a2e76c17b3e2d-mobile.jpg</filename>
	<path/>
	<source>
		<database>Unknown</database>
	</source>
	<size>
		<width>1</width>
		<height>1</height>
		<depth>1</depth>
	</size>
	<segmented>0</segmented>
	<object>
		<name>face</name>
		<pose>Unspecified</pose>
		<truncated>0</truncated>
		<difficult>0</difficult>
		<bndbox>
			<xmin>120</xmin>
			<ymin>119</ymin>
			<xmax>224</xmax>
			<ymax>216</ymax>
		</bndbox>
	</object>
</annotation>
