<annotation verified="yes">
	<folder>save</folder>
	<filename>20190226-114121_U5965_M501686_0b36.jpg</filename>
	<path/>
	<source>
		<database>Unknown</database>
	</source>
	<size>
		<width>1</width>
		<height>1</height>
		<depth>1</depth>
	</size>
	<segmented>0</segmented>
	<object>
		<name>face</name>
		<pose>Unspecified</pose>
		<truncated>0</truncated>
		<difficult>0</difficult>
		<bndbox>
			<xmin>264</xmin>
			<ymin>164</ymin>
			<xmax>496</xmax>
			<ymax>389</ymax>
		</bndbox>
	</object>
</annotation>
