<annotation verified="yes">
	<folder>save</folder>
	<filename>2020_0406_a2633145j00q8chfx001bc000hs00mwm.jpg</filename>
	<path/>
	<source>
		<database>Unknown</database>
	</source>
	<size>
		<width>1</width>
		<height>1</height>
		<depth>1</depth>
	</size>
	<segmented>0</segmented>
	<object>
		<name>face</name>
		<pose>Unspecified</pose>
		<truncated>0</truncated>
		<difficult>0</difficult>
		<bndbox>
			<xmin>65</xmin>
			<ymin>313</ymin>
			<xmax>315</xmax>
			<ymax>637</ymax>
		</bndbox>
	</object>
</annotation>
