<annotation verified="yes">
	<folder>save</folder>
	<filename>20211201105256-9970e90c42df9b7bdcaf4ceec34456e6-mobile.jpg</filename>
	<path/>
	<source>
		<database>Unknown</database>
	</source>
	<size>
		<width>1</width>
		<height>1</height>
		<depth>1</depth>
	</size>
	<segmented>0</segmented>
	<object>
		<name>face</name>
		<pose>Unspecified</pose>
		<truncated>0</truncated>
		<difficult>0</difficult>
		<bndbox>
			<xmin>289</xmin>
			<ymin>106</ymin>
			<xmax>408</xmax>
			<ymax>217</ymax>
		</bndbox>
	</object>
</annotation>
