<annotation verified="yes">
	<folder>save</folder>
	<filename>20210806143101-677fc838590203e6ac9d9d952d2a87df-mobile.jpg</filename>
	<path/>
	<source>
		<database>Unknown</database>
	</source>
	<size>
		<width>1</width>
		<height>1</height>
		<depth>1</depth>
	</size>
	<segmented>0</segmented>
	<object>
		<name>face</name>
		<pose>Unspecified</pose>
		<truncated>0</truncated>
		<difficult>0</difficult>
		<bndbox>
			<xmin>300</xmin>
			<ymin>126</ymin>
			<xmax>497</xmax>
			<ymax>328</ymax>
		</bndbox>
	</object>
</annotation>
