<annotation verified="yes">
	<folder>save</folder>
	<filename>20210412112557-021e9f7d.jpg</filename>
	<path/>
	<source>
		<database>Unknown</database>
	</source>
	<size>
		<width>1</width>
		<height>1</height>
		<depth>1</depth>
	</size>
	<segmented>0</segmented>
	<object>
		<name>face</name>
		<pose>Unspecified</pose>
		<truncated>0</truncated>
		<difficult>0</difficult>
		<bndbox>
			<xmin>353</xmin>
			<ymin>120</ymin>
			<xmax>512</xmax>
			<ymax>279</ymax>
		</bndbox>
	</object>
</annotation>
