<annotation verified="yes">
	<folder>save</folder>
	<filename>207ce4b50e8ec0c4275c6e02f5a6e476.jpg</filename>
	<path/>
	<source>
		<database>Unknown</database>
	</source>
	<size>
		<width>1</width>
		<height>1</height>
		<depth>1</depth>
	</size>
	<segmented>0</segmented>
	<object>
		<name>face</name>
		<pose>Unspecified</pose>
		<truncated>0</truncated>
		<difficult>0</difficult>
		<bndbox>
			<xmin>638</xmin>
			<ymin>143</ymin>
			<xmax>750</xmax>
			<ymax>292</ymax>
		</bndbox>
	</object>
</annotation>
