<annotation verified="yes">
	<folder>save</folder>
	<filename>20a2ee8d673544b6b9a78b986c34b8e8.jpg</filename>
	<path/>
	<source>
		<database>Unknown</database>
	</source>
	<size>
		<width>1</width>
		<height>1</height>
		<depth>1</depth>
	</size>
	<segmented>0</segmented>
	<object>
		<name>face</name>
		<pose>Unspecified</pose>
		<truncated>0</truncated>
		<difficult>0</difficult>
		<bndbox>
			<xmin>176</xmin>
			<ymin>99</ymin>
			<xmax>363</xmax>
			<ymax>312</ymax>
		</bndbox>
	</object>
</annotation>
