<annotation verified="yes">
	<folder>save</folder>
	<filename>249767383_915705402716368_2691674337654851874_n.jpg</filename>
	<path/>
	<source>
		<database>Unknown</database>
	</source>
	<size>
		<width>1</width>
		<height>1</height>
		<depth>1</depth>
	</size>
	<segmented>0</segmented>
	<object>
		<name>face</name>
		<pose>Unspecified</pose>
		<truncated>0</truncated>
		<difficult>0</difficult>
		<bndbox>
			<xmin>262</xmin>
			<ymin>325</ymin>
			<xmax>699</xmax>
			<ymax>740</ymax>
		</bndbox>
	</object>
</annotation>
