<annotation verified="yes">
	<folder>save</folder>
	<filename>25404873-smiling-young-brunette-woman-looking-right-on-white.jpg</filename>
	<path/>
	<source>
		<database>Unknown</database>
	</source>
	<size>
		<width>1</width>
		<height>1</height>
		<depth>1</depth>
	</size>
	<segmented>0</segmented>
	<object>
		<name>face</name>
		<pose>Unspecified</pose>
		<truncated>0</truncated>
		<difficult>0</difficult>
		<bndbox>
			<xmin>684</xmin>
			<ymin>337</ymin>
			<xmax>959</xmax>
			<ymax>653</ymax>
		</bndbox>
	</object>
</annotation>
