<annotation verified="yes">
	<folder>save</folder>
	<filename>26352980-profile-side-portrait-of-beautiful-young-happy-smiling-woman-isolated-over-white-background.jpg</filename>
	<path/>
	<source>
		<database>Unknown</database>
	</source>
	<size>
		<width>1</width>
		<height>1</height>
		<depth>1</depth>
	</size>
	<segmented>0</segmented>
	<object>
		<name>face</name>
		<pose>Unspecified</pose>
		<truncated>0</truncated>
		<difficult>0</difficult>
		<bndbox>
			<xmin>671</xmin>
			<ymin>325</ymin>
			<xmax>1228</xmax>
			<ymax>930</ymax>
		</bndbox>
	</object>
</annotation>
