<annotation verified="yes">
	<folder>save</folder>
	<filename>27477176-portrait-of-a-man-looking-up-at-copyspace-over-gray-background.jpg</filename>
	<path/>
	<source>
		<database>Unknown</database>
	</source>
	<size>
		<width>1</width>
		<height>1</height>
		<depth>1</depth>
	</size>
	<segmented>0</segmented>
	<object>
		<name>face</name>
		<pose>Unspecified</pose>
		<truncated>0</truncated>
		<difficult>0</difficult>
		<bndbox>
			<xmin>248</xmin>
			<ymin>461</ymin>
			<xmax>616</xmax>
			<ymax>809</ymax>
		</bndbox>
	</object>
</annotation>
