<annotation verified="yes">
	<folder>save</folder>
	<filename>27585256-portrait-of-a-happy-young-man-looking-upwards-in-thought.jpg</filename>
	<path/>
	<source>
		<database>Unknown</database>
	</source>
	<size>
		<width>1</width>
		<height>1</height>
		<depth>1</depth>
	</size>
	<segmented>0</segmented>
	<object>
		<name>face</name>
		<pose>Unspecified</pose>
		<truncated>0</truncated>
		<difficult>0</difficult>
		<bndbox>
			<xmin>203</xmin>
			<ymin>209</ymin>
			<xmax>630</xmax>
			<ymax>669</ymax>
		</bndbox>
	</object>
</annotation>
