<annotation verified="yes">
	<folder>save</folder>
	<filename>29748237_1797561200297247_1667858395_o.jpg</filename>
	<path/>
	<source>
		<database>Unknown</database>
	</source>
	<size>
		<width>1</width>
		<height>1</height>
		<depth>1</depth>
	</size>
	<segmented>0</segmented>
	<object>
		<name>face</name>
		<pose>Unspecified</pose>
		<truncated>0</truncated>
		<difficult>0</difficult>
		<bndbox>
			<xmin>307</xmin>
			<ymin>314</ymin>
			<xmax>790</xmax>
			<ymax>840</ymax>
		</bndbox>
	</object>
</annotation>
