<annotation verified="yes">
	<folder>save</folder>
	<filename>2DF1D02000000578-3296892-image-a-26_1446215453718.jpg</filename>
	<path/>
	<source>
		<database>Unknown</database>
	</source>
	<size>
		<width>1</width>
		<height>1</height>
		<depth>1</depth>
	</size>
	<segmented>0</segmented>
	<object>
		<name>face</name>
		<pose>Unspecified</pose>
		<truncated>0</truncated>
		<difficult>0</difficult>
		<bndbox>
			<xmin>317</xmin>
			<ymin>256</ymin>
			<xmax>579</xmax>
			<ymax>535</ymax>
		</bndbox>
	</object>
</annotation>
