<annotation verified="yes">
	<folder>save</folder>
	<filename>2DF1D01000000578-3296892-The_Quickfix_Facials_Anti_blemish_Mud_Mask_costing_2_49_left_Emm-m-33_1446216007516.jpg</filename>
	<path/>
	<source>
		<database>Unknown</database>
	</source>
	<size>
		<width>1</width>
		<height>1</height>
		<depth>1</depth>
	</size>
	<segmented>0</segmented>
	<object>
		<name>face</name>
		<pose>Unspecified</pose>
		<truncated>0</truncated>
		<difficult>0</difficult>
		<bndbox>
			<xmin>81</xmin>
			<ymin>364</ymin>
			<xmax>453</xmax>
			<ymax>730</ymax>
		</bndbox>
	</object>
</annotation>
