<annotation verified="yes">
	<folder>save</folder>
	<filename>307c76b875bfd6db08d6c3cf601f42dc.jpg</filename>
	<path/>
	<source>
		<database>Unknown</database>
	</source>
	<size>
		<width>1</width>
		<height>1</height>
		<depth>1</depth>
	</size>
	<segmented>0</segmented>
	<object>
		<name>face</name>
		<pose>Unspecified</pose>
		<truncated>0</truncated>
		<difficult>0</difficult>
		<bndbox>
			<xmin>177</xmin>
			<ymin>83</ymin>
			<xmax>408</xmax>
			<ymax>332</ymax>
		</bndbox>
	</object>
</annotation>
