<annotation verified="yes">
	<folder>save</folder>
	<filename>360_F_182417906_8tEUr8lYrCtxOzO4uBRlBKbJj0g13R51.jpg</filename>
	<path/>
	<source>
		<database>Unknown</database>
	</source>
	<size>
		<width>1</width>
		<height>1</height>
		<depth>1</depth>
	</size>
	<segmented>0</segmented>
	<object>
		<name>face</name>
		<pose>Unspecified</pose>
		<truncated>0</truncated>
		<difficult>0</difficult>
		<bndbox>
			<xmin>231</xmin>
			<ymin>123</ymin>
			<xmax>335</xmax>
			<ymax>241</ymax>
		</bndbox>
	</object>
</annotation>
