<annotation verified="yes">
	<folder>save</folder>
	<filename>360_F_269408731_s7qInQKWcDOYUASyqaGcBXCLn3LD7esp.jpg</filename>
	<path/>
	<source>
		<database>Unknown</database>
	</source>
	<size>
		<width>1</width>
		<height>1</height>
		<depth>1</depth>
	</size>
	<segmented>0</segmented>
	<object>
		<name>face</name>
		<pose>Unspecified</pose>
		<truncated>0</truncated>
		<difficult>0</difficult>
		<bndbox>
			<xmin>209</xmin>
			<ymin>61</ymin>
			<xmax>320</xmax>
			<ymax>179</ymax>
		</bndbox>
	</object>
</annotation>
