<annotation verified="yes">
	<folder>save</folder>
	<filename>37394988-profile-side-portrait-of-young-woman.jpg</filename>
	<path/>
	<source>
		<database>Unknown</database>
	</source>
	<size>
		<width>1</width>
		<height>1</height>
		<depth>1</depth>
	</size>
	<segmented>0</segmented>
	<object>
		<name>face</name>
		<pose>Unspecified</pose>
		<truncated>0</truncated>
		<difficult>0</difficult>
		<bndbox>
			<xmin>329</xmin>
			<ymin>375</ymin>
			<xmax>773</xmax>
			<ymax>814</ymax>
		</bndbox>
	</object>
</annotation>
