<annotation verified="yes">
	<folder>save</folder>
	<filename>3db3a499bb9d0642cdd82bedaf401701.jpg</filename>
	<path/>
	<source>
		<database>Unknown</database>
	</source>
	<size>
		<width>1</width>
		<height>1</height>
		<depth>1</depth>
	</size>
	<segmented>0</segmented>
	<object>
		<name>face</name>
		<pose>Unspecified</pose>
		<truncated>0</truncated>
		<difficult>0</difficult>
		<bndbox>
			<xmin>52</xmin>
			<ymin>224</ymin>
			<xmax>290</xmax>
			<ymax>473</ymax>
		</bndbox>
	</object>
</annotation>
