<annotation verified="yes">
	<folder>save</folder>
	<filename>416b52ac548d1e5e98139dd9f06aee70.jpg</filename>
	<path/>
	<source>
		<database>Unknown</database>
	</source>
	<size>
		<width>1</width>
		<height>1</height>
		<depth>1</depth>
	</size>
	<segmented>0</segmented>
	<object>
		<name>face</name>
		<pose>Unspecified</pose>
		<truncated>0</truncated>
		<difficult>0</difficult>
		<bndbox>
			<xmin>134</xmin>
			<ymin>204</ymin>
			<xmax>369</xmax>
			<ymax>476</ymax>
		</bndbox>
	</object>
</annotation>
