<annotation verified="yes">
	<folder>save</folder>
	<filename>42a2982c1b5ee813c323a4709553ab9f.jpg</filename>
	<path/>
	<source>
		<database>Unknown</database>
	</source>
	<size>
		<width>1</width>
		<height>1</height>
		<depth>1</depth>
	</size>
	<segmented>0</segmented>
	<object>
		<name>face</name>
		<pose>Unspecified</pose>
		<truncated>0</truncated>
		<difficult>0</difficult>
		<bndbox>
			<xmin>212</xmin>
			<ymin>222</ymin>
			<xmax>457</xmax>
			<ymax>500</ymax>
		</bndbox>
	</object>
</annotation>
