<annotation verified="yes">
	<folder>save</folder>
	<filename>4346413-young-female-with-pink-makeup-turned-sideways-profile.jpg</filename>
	<path/>
	<source>
		<database>Unknown</database>
	</source>
	<size>
		<width>1</width>
		<height>1</height>
		<depth>1</depth>
	</size>
	<segmented>0</segmented>
	<object>
		<name>face</name>
		<pose>Unspecified</pose>
		<truncated>0</truncated>
		<difficult>0</difficult>
		<bndbox>
			<xmin>422</xmin>
			<ymin>392</ymin>
			<xmax>763</xmax>
			<ymax>769</ymax>
		</bndbox>
	</object>
</annotation>
