<annotation verified="yes">
	<folder>save</folder>
	<filename>44ef136a7245dd3609025492f11c5829.jpg</filename>
	<path/>
	<source>
		<database>Unknown</database>
	</source>
	<size>
		<width>1</width>
		<height>1</height>
		<depth>1</depth>
	</size>
	<segmented>0</segmented>
	<object>
		<name>face</name>
		<pose>Unspecified</pose>
		<truncated>0</truncated>
		<difficult>0</difficult>
		<bndbox>
			<xmin>291</xmin>
			<ymin>157</ymin>
			<xmax>516</xmax>
			<ymax>377</ymax>
		</bndbox>
	</object>
</annotation>
