<annotation verified="yes">
	<folder>save</folder>
	<filename>4627915f71fd31f81e0d9123467a197d.jpg</filename>
	<path/>
	<source>
		<database>Unknown</database>
	</source>
	<size>
		<width>1</width>
		<height>1</height>
		<depth>1</depth>
	</size>
	<segmented>0</segmented>
	<object>
		<name>face</name>
		<pose>Unspecified</pose>
		<truncated>0</truncated>
		<difficult>0</difficult>
		<bndbox>
			<xmin>392</xmin>
			<ymin>179</ymin>
			<xmax>653</xmax>
			<ymax>411</ymax>
		</bndbox>
	</object>
</annotation>
