<annotation verified="yes">
	<folder>save</folder>
	<filename>465b31aa-7e5b-4312-ace6-95d1abcc70f9.jpg</filename>
	<path/>
	<source>
		<database>Unknown</database>
	</source>
	<size>
		<width>1</width>
		<height>1</height>
		<depth>1</depth>
	</size>
	<segmented>0</segmented>
	<object>
		<name>face</name>
		<pose>Unspecified</pose>
		<truncated>0</truncated>
		<difficult>0</difficult>
		<bndbox>
			<xmin>364</xmin>
			<ymin>233</ymin>
			<xmax>607</xmax>
			<ymax>475</ymax>
		</bndbox>
	</object>
</annotation>
