<annotation verified="yes">
	<folder>save</folder>
	<filename>467d90c44bad47148d1be8a6ef60c25b.jpg</filename>
	<path/>
	<source>
		<database>Unknown</database>
	</source>
	<size>
		<width>1</width>
		<height>1</height>
		<depth>1</depth>
	</size>
	<segmented>0</segmented>
	<object>
		<name>face</name>
		<pose>Unspecified</pose>
		<truncated>0</truncated>
		<difficult>0</difficult>
		<bndbox>
			<xmin>184</xmin>
			<ymin>222</ymin>
			<xmax>369</xmax>
			<ymax>440</ymax>
		</bndbox>
	</object>
</annotation>
