<annotation verified="yes">
	<folder>save</folder>
	<filename>4adf0e54f649a3da5a60a01e88923b78-e1601930231492-450x367.jpg</filename>
	<path/>
	<source>
		<database>Unknown</database>
	</source>
	<size>
		<width>1</width>
		<height>1</height>
		<depth>1</depth>
	</size>
	<segmented>0</segmented>
	<object>
		<name>face</name>
		<pose>Unspecified</pose>
		<truncated>0</truncated>
		<difficult>0</difficult>
		<bndbox>
			<xmin>74</xmin>
			<ymin>83</ymin>
			<xmax>278</xmax>
			<ymax>260</ymax>
		</bndbox>
	</object>
</annotation>
