<annotation verified="yes">
	<folder>save</folder>
	<filename>500_F_49980667_gR7nl7bJnlEyrnr4nZf8Ukp0SH8KtWnP.jpg</filename>
	<path/>
	<source>
		<database>Unknown</database>
	</source>
	<size>
		<width>1</width>
		<height>1</height>
		<depth>1</depth>
	</size>
	<segmented>0</segmented>
	<object>
		<name>face</name>
		<pose>Unspecified</pose>
		<truncated>0</truncated>
		<difficult>0</difficult>
		<bndbox>
			<xmin>177</xmin>
			<ymin>173</ymin>
			<xmax>316</xmax>
			<ymax>309</ymax>
		</bndbox>
	</object>
</annotation>
