<annotation verified="yes">
	<folder>save</folder>
	<filename>500_F_73345467_jrFj36XQ1udViAv7X69xpCO4Fz9fRHf0.jpg</filename>
	<path/>
	<source>
		<database>Unknown</database>
	</source>
	<size>
		<width>1</width>
		<height>1</height>
		<depth>1</depth>
	</size>
	<segmented>0</segmented>
	<object>
		<name>face</name>
		<pose>Unspecified</pose>
		<truncated>0</truncated>
		<difficult>0</difficult>
		<bndbox>
			<xmin>173</xmin>
			<ymin>204</ymin>
			<xmax>302</xmax>
			<ymax>327</ymax>
		</bndbox>
	</object>
</annotation>
