<annotation verified="yes">
	<folder>save</folder>
	<filename>5155b9ebcb85403eb102bbf10b5ef224.jpg</filename>
	<path/>
	<source>
		<database>Unknown</database>
	</source>
	<size>
		<width>1</width>
		<height>1</height>
		<depth>1</depth>
	</size>
	<segmented>0</segmented>
	<object>
		<name>face</name>
		<pose>Unspecified</pose>
		<truncated>0</truncated>
		<difficult>0</difficult>
		<bndbox>
			<xmin>121</xmin>
			<ymin>121</ymin>
			<xmax>348</xmax>
			<ymax>359</ymax>
		</bndbox>
	</object>
</annotation>
