<annotation verified="yes">
	<folder>save</folder>
	<filename>51ef54b7316556f65a0f1801a81e0484407daa6b.jpg</filename>
	<path/>
	<source>
		<database>Unknown</database>
	</source>
	<size>
		<width>1</width>
		<height>1</height>
		<depth>1</depth>
	</size>
	<segmented>0</segmented>
	<object>
		<name>face</name>
		<pose>Unspecified</pose>
		<truncated>0</truncated>
		<difficult>0</difficult>
		<bndbox>
			<xmin>184</xmin>
			<ymin>208</ymin>
			<xmax>447</xmax>
			<ymax>459</ymax>
		</bndbox>
	</object>
</annotation>
