<annotation verified="yes">
	<folder>save</folder>
	<filename>5508-woman_checking_her_face-732x549-thumbnail-732x549.jpg</filename>
	<path/>
	<source>
		<database>Unknown</database>
	</source>
	<size>
		<width>1</width>
		<height>1</height>
		<depth>1</depth>
	</size>
	<segmented>0</segmented>
	<object>
		<name>face</name>
		<pose>Unspecified</pose>
		<truncated>0</truncated>
		<difficult>0</difficult>
		<bndbox>
			<xmin>185</xmin>
			<ymin>156</ymin>
			<xmax>410</xmax>
			<ymax>385</ymax>
		</bndbox>
	</object>
</annotation>
