<annotation verified="yes">
	<folder>save</folder>
	<filename>58d991b9e2c54405052616a1185f002a.jpg</filename>
	<path/>
	<source>
		<database>Unknown</database>
	</source>
	<size>
		<width>1</width>
		<height>1</height>
		<depth>1</depth>
	</size>
	<segmented>0</segmented>
	<object>
		<name>face</name>
		<pose>Unspecified</pose>
		<truncated>0</truncated>
		<difficult>0</difficult>
		<bndbox>
			<xmin>209</xmin>
			<ymin>120</ymin>
			<xmax>337</xmax>
			<ymax>245</ymax>
		</bndbox>
	</object>
</annotation>
