<annotation verified="yes">
	<folder>save</folder>
	<filename>59a3d520-2b2b-11ec-bdf6-dcd7bdd90cea.jpg</filename>
	<path/>
	<source>
		<database>Unknown</database>
	</source>
	<size>
		<width>1</width>
		<height>1</height>
		<depth>1</depth>
	</size>
	<segmented>0</segmented>
	<object>
		<name>face</name>
		<pose>Unspecified</pose>
		<truncated>0</truncated>
		<difficult>0</difficult>
		<bndbox>
			<xmin>512</xmin>
			<ymin>267</ymin>
			<xmax>940</xmax>
			<ymax>737</ymax>
		</bndbox>
	</object>
</annotation>
