<annotation verified="yes">
	<folder>save</folder>
	<filename>62374088-portrait-of-happy-husband-working-online-and-ignoring-wife.jpg</filename>
	<path/>
	<source>
		<database>Unknown</database>
	</source>
	<size>
		<width>1</width>
		<height>1</height>
		<depth>1</depth>
	</size>
	<segmented>0</segmented>
	<object>
		<name>face</name>
		<pose>Unspecified</pose>
		<truncated>0</truncated>
		<difficult>0</difficult>
		<bndbox>
			<xmin>338</xmin>
			<ymin>243</ymin>
			<xmax>563</xmax>
			<ymax>453</ymax>
		</bndbox>
	</object>
</annotation>
