<annotation verified="yes">
	<folder>save</folder>
	<filename>640_f1265f5a5b11746f867bd433f822f5e7.jpg</filename>
	<path/>
	<source>
		<database>Unknown</database>
	</source>
	<size>
		<width>1</width>
		<height>1</height>
		<depth>1</depth>
	</size>
	<segmented>0</segmented>
	<object>
		<name>face</name>
		<pose>Unspecified</pose>
		<truncated>0</truncated>
		<difficult>0</difficult>
		<bndbox>
			<xmin>200</xmin>
			<ymin>65</ymin>
			<xmax>291</xmax>
			<ymax>166</ymax>
		</bndbox>
	</object>
</annotation>
