<annotation verified="yes">
	<folder>save</folder>
	<filename>66609956_485135035647665_9174969680059685218_n.jpg</filename>
	<path/>
	<source>
		<database>Unknown</database>
	</source>
	<size>
		<width>1</width>
		<height>1</height>
		<depth>1</depth>
	</size>
	<segmented>0</segmented>
	<object>
		<name>face</name>
		<pose>Unspecified</pose>
		<truncated>0</truncated>
		<difficult>0</difficult>
		<bndbox>
			<xmin>417</xmin>
			<ymin>225</ymin>
			<xmax>621</xmax>
			<ymax>414</ymax>
		</bndbox>
	</object>
</annotation>
