<annotation verified="yes">
	<folder>save</folder>
	<filename>67520894_10155983712951065_1732217832973795328_o.jpg</filename>
	<path/>
	<source>
		<database>Unknown</database>
	</source>
	<size>
		<width>1</width>
		<height>1</height>
		<depth>1</depth>
	</size>
	<segmented>0</segmented>
	<object>
		<name>face</name>
		<pose>Unspecified</pose>
		<truncated>0</truncated>
		<difficult>0</difficult>
		<bndbox>
			<xmin>403</xmin>
			<ymin>201</ymin>
			<xmax>677</xmax>
			<ymax>456</ymax>
		</bndbox>
	</object>
</annotation>
