<annotation verified="yes">
	<folder>save</folder>
	<filename>6c1154ab229d82147205130ae1fab319.jpg</filename>
	<path/>
	<source>
		<database>Unknown</database>
	</source>
	<size>
		<width>1</width>
		<height>1</height>
		<depth>1</depth>
	</size>
	<segmented>0</segmented>
	<object>
		<name>face</name>
		<pose>Unspecified</pose>
		<truncated>0</truncated>
		<difficult>0</difficult>
		<bndbox>
			<xmin>102</xmin>
			<ymin>200</ymin>
			<xmax>501</xmax>
			<ymax>590</ymax>
		</bndbox>
	</object>
</annotation>
