<annotation verified="yes">
	<folder>save</folder>
	<filename>709a154d90194123812a6af9f70eecae.jpg</filename>
	<path/>
	<source>
		<database>Unknown</database>
	</source>
	<size>
		<width>1</width>
		<height>1</height>
		<depth>1</depth>
	</size>
	<segmented>0</segmented>
	<object>
		<name>face</name>
		<pose>Unspecified</pose>
		<truncated>0</truncated>
		<difficult>0</difficult>
		<bndbox>
			<xmin>262</xmin>
			<ymin>146</ymin>
			<xmax>640</xmax>
			<ymax>545</ymax>
		</bndbox>
	</object>
</annotation>
