<annotation verified="yes">
	<folder>save</folder>
	<filename>71a8926088c8e20e69cd627707e8086f.jpg</filename>
	<path/>
	<source>
		<database>Unknown</database>
	</source>
	<size>
		<width>1</width>
		<height>1</height>
		<depth>1</depth>
	</size>
	<segmented>0</segmented>
	<object>
		<name>face</name>
		<pose>Unspecified</pose>
		<truncated>0</truncated>
		<difficult>0</difficult>
		<bndbox>
			<xmin>75</xmin>
			<ymin>240</ymin>
			<xmax>293</xmax>
			<ymax>471</ymax>
		</bndbox>
	</object>
</annotation>
