<annotation verified="yes">
	<folder>save</folder>
	<filename>7dea1654-6aa8-4dba-a258-c6416866819a.jpg</filename>
	<path/>
	<source>
		<database>Unknown</database>
	</source>
	<size>
		<width>1</width>
		<height>1</height>
		<depth>1</depth>
	</size>
	<segmented>0</segmented>
	<object>
		<name>face</name>
		<pose>Unspecified</pose>
		<truncated>0</truncated>
		<difficult>0</difficult>
		<bndbox>
			<xmin>186</xmin>
			<ymin>75</ymin>
			<xmax>392</xmax>
			<ymax>324</ymax>
		</bndbox>
	</object>
</annotation>
