<annotation verified="yes">
	<folder>save</folder>
	<filename>800x_100_w-5cce8974f3437.jpg</filename>
	<path/>
	<source>
		<database>Unknown</database>
	</source>
	<size>
		<width>1</width>
		<height>1</height>
		<depth>1</depth>
	</size>
	<segmented>0</segmented>
	<object>
		<name>face</name>
		<pose>Unspecified</pose>
		<truncated>0</truncated>
		<difficult>0</difficult>
		<bndbox>
			<xmin>171</xmin>
			<ymin>275</ymin>
			<xmax>479</xmax>
			<ymax>628</ymax>
		</bndbox>
	</object>
</annotation>
