<annotation verified="yes">
	<folder>save</folder>
	<filename>861ed16c7c6c4c3cbb2018f844010fbc.jpg</filename>
	<path/>
	<source>
		<database>Unknown</database>
	</source>
	<size>
		<width>1</width>
		<height>1</height>
		<depth>1</depth>
	</size>
	<segmented>0</segmented>
	<object>
		<name>face</name>
		<pose>Unspecified</pose>
		<truncated>0</truncated>
		<difficult>0</difficult>
		<bndbox>
			<xmin>184</xmin>
			<ymin>214</ymin>
			<xmax>485</xmax>
			<ymax>541</ymax>
		</bndbox>
	</object>
</annotation>
