<annotation verified="yes">
	<folder>save</folder>
	<filename>86e6ab5fac229a69c70730f71adc1a60.jpg</filename>
	<path/>
	<source>
		<database>Unknown</database>
	</source>
	<size>
		<width>1</width>
		<height>1</height>
		<depth>1</depth>
	</size>
	<segmented>0</segmented>
	<object>
		<name>face</name>
		<pose>Unspecified</pose>
		<truncated>0</truncated>
		<difficult>0</difficult>
		<bndbox>
			<xmin>195</xmin>
			<ymin>82</ymin>
			<xmax>312</xmax>
			<ymax>193</ymax>
		</bndbox>
	</object>
</annotation>
