<annotation verified="yes">
	<folder>save</folder>
	<filename>8f06656b0f235a7f2ce029343ef2aeb8.jpg</filename>
	<path/>
	<source>
		<database>Unknown</database>
	</source>
	<size>
		<width>1</width>
		<height>1</height>
		<depth>1</depth>
	</size>
	<segmented>0</segmented>
	<object>
		<name>face</name>
		<pose>Unspecified</pose>
		<truncated>0</truncated>
		<difficult>0</difficult>
		<bndbox>
			<xmin>409</xmin>
			<ymin>191</ymin>
			<xmax>572</xmax>
			<ymax>403</ymax>
		</bndbox>
	</object>
</annotation>
