<annotation verified="yes">
	<folder>save</folder>
	<filename>8Xlws35MwbEl3KS2f_6KsC-Vk91ziMed3A2pBNwNqQQ.jpg</filename>
	<path/>
	<source>
		<database>Unknown</database>
	</source>
	<size>
		<width>1</width>
		<height>1</height>
		<depth>1</depth>
	</size>
	<segmented>0</segmented>
	<object>
		<name>face</name>
		<pose>Unspecified</pose>
		<truncated>0</truncated>
		<difficult>0</difficult>
		<bndbox>
			<xmin>511</xmin>
			<ymin>192</ymin>
			<xmax>737</xmax>
			<ymax>416</ymax>
		</bndbox>
	</object>
</annotation>
