<annotation verified="yes">
	<folder>save</folder>
	<filename>921b0d9031473288b168f313f150e0d8_620.jpg</filename>
	<path/>
	<source>
		<database>Unknown</database>
	</source>
	<size>
		<width>1</width>
		<height>1</height>
		<depth>1</depth>
	</size>
	<segmented>0</segmented>
	<object>
		<name>face</name>
		<pose>Unspecified</pose>
		<truncated>0</truncated>
		<difficult>0</difficult>
		<bndbox>
			<xmin>112</xmin>
			<ymin>62</ymin>
			<xmax>208</xmax>
			<ymax>157</ymax>
		</bndbox>
	</object>
</annotation>
