<annotation verified="yes">
	<folder>save</folder>
	<filename>930a6270-e5fd-11eb-bff7-4f7aa46c2f79.jpg</filename>
	<path/>
	<source>
		<database>Unknown</database>
	</source>
	<size>
		<width>1</width>
		<height>1</height>
		<depth>1</depth>
	</size>
	<segmented>0</segmented>
	<object>
		<name>face</name>
		<pose>Unspecified</pose>
		<truncated>0</truncated>
		<difficult>0</difficult>
		<bndbox>
			<xmin>935</xmin>
			<ymin>545</ymin>
			<xmax>1722</xmax>
			<ymax>1361</ymax>
		</bndbox>
	</object>
</annotation>
