<annotation verified="yes">
	<folder>save</folder>
	<filename>9726440-portrait-of-the-beautiful-woman-looking-to-the-right-side-face-without-cosmetic.jpg</filename>
	<path/>
	<source>
		<database>Unknown</database>
	</source>
	<size>
		<width>1</width>
		<height>1</height>
		<depth>1</depth>
	</size>
	<segmented>0</segmented>
	<object>
		<name>face</name>
		<pose>Unspecified</pose>
		<truncated>0</truncated>
		<difficult>0</difficult>
		<bndbox>
			<xmin>408</xmin>
			<ymin>276</ymin>
			<xmax>837</xmax>
			<ymax>702</ymax>
		</bndbox>
	</object>
</annotation>
