<annotation verified="yes">
	<folder>save</folder>
	<filename>_2020080723341240769.jpg</filename>
	<path/>
	<source>
		<database>Unknown</database>
	</source>
	<size>
		<width>1</width>
		<height>1</height>
		<depth>1</depth>
	</size>
	<segmented>0</segmented>
	<object>
		<name>face</name>
		<pose>Unspecified</pose>
		<truncated>0</truncated>
		<difficult>0</difficult>
		<bndbox>
			<xmin>589</xmin>
			<ymin>154</ymin>
			<xmax>885</xmax>
			<ymax>442</ymax>
		</bndbox>
	</object>
</annotation>
