<annotation verified="yes">
	<folder>save</folder>
	<filename>a-woman-experiencing-left-sided-facial-numbness-and-a-headache.jpg</filename>
	<path/>
	<source>
		<database>Unknown</database>
	</source>
	<size>
		<width>1</width>
		<height>1</height>
		<depth>1</depth>
	</size>
	<segmented>0</segmented>
	<object>
		<name>face</name>
		<pose>Unspecified</pose>
		<truncated>0</truncated>
		<difficult>0</difficult>
		<bndbox>
			<xmin>386</xmin>
			<ymin>219</ymin>
			<xmax>771</xmax>
			<ymax>649</ymax>
		</bndbox>
	</object>
</annotation>
