<annotation verified="yes">
	<folder>save</folder>
	<filename>a43701d517aa65fc13e4979a1a8f3a9c.jpg</filename>
	<path/>
	<source>
		<database>Unknown</database>
	</source>
	<size>
		<width>1</width>
		<height>1</height>
		<depth>1</depth>
	</size>
	<segmented>0</segmented>
	<object>
		<name>face</name>
		<pose>Unspecified</pose>
		<truncated>0</truncated>
		<difficult>0</difficult>
		<bndbox>
			<xmin>130</xmin>
			<ymin>124</ymin>
			<xmax>251</xmax>
			<ymax>267</ymax>
		</bndbox>
	</object>
</annotation>
