<annotation verified="yes">
	<folder>save</folder>
	<filename>a6f7e66a6031337001655d616ce68fc7_XL.jpg</filename>
	<path/>
	<source>
		<database>Unknown</database>
	</source>
	<size>
		<width>1</width>
		<height>1</height>
		<depth>1</depth>
	</size>
	<segmented>0</segmented>
	<object>
		<name>face</name>
		<pose>Unspecified</pose>
		<truncated>0</truncated>
		<difficult>0</difficult>
		<bndbox>
			<xmin>223</xmin>
			<ymin>310</ymin>
			<xmax>732</xmax>
			<ymax>795</ymax>
		</bndbox>
	</object>
</annotation>
