<annotation verified="yes">
	<folder>save</folder>
	<filename>a72111fd559ccc8e44e96bc2e345d901.jpg</filename>
	<path/>
	<source>
		<database>Unknown</database>
	</source>
	<size>
		<width>1</width>
		<height>1</height>
		<depth>1</depth>
	</size>
	<segmented>0</segmented>
	<object>
		<name>face</name>
		<pose>Unspecified</pose>
		<truncated>0</truncated>
		<difficult>0</difficult>
		<bndbox>
			<xmin>176</xmin>
			<ymin>368</ymin>
			<xmax>557</xmax>
			<ymax>747</ymax>
		</bndbox>
	</object>
</annotation>
