<annotation verified="yes">
	<folder>save</folder>
	<filename>abbie_cornish_as_sweet_pea-1280x800.jpg</filename>
	<path/>
	<source>
		<database>Unknown</database>
	</source>
	<size>
		<width>1</width>
		<height>1</height>
		<depth>1</depth>
	</size>
	<segmented>0</segmented>
	<object>
		<name>face</name>
		<pose>Unspecified</pose>
		<truncated>0</truncated>
		<difficult>0</difficult>
		<bndbox>
			<xmin>691</xmin>
			<ymin>171</ymin>
			<xmax>918</xmax>
			<ymax>396</ymax>
		</bndbox>
	</object>
</annotation>
