<annotation verified="yes">
	<folder>save</folder>
	<filename>actress_grey_eyes_elizabeth_olsen_face_in_white_background_4k_hd_girls-1280x720.jpg</filename>
	<path/>
	<source>
		<database>Unknown</database>
	</source>
	<size>
		<width>1</width>
		<height>1</height>
		<depth>1</depth>
	</size>
	<segmented>0</segmented>
	<object>
		<name>face</name>
		<pose>Unspecified</pose>
		<truncated>0</truncated>
		<difficult>0</difficult>
		<bndbox>
			<xmin>641</xmin>
			<ymin>170</ymin>
			<xmax>1040</xmax>
			<ymax>565</ymax>
		</bndbox>
	</object>
</annotation>
