<annotation verified="yes">
	<folder>save</folder>
	<filename>ad3c2195dd8850a5899e139996285d2b.jpg</filename>
	<path/>
	<source>
		<database>Unknown</database>
	</source>
	<size>
		<width>1</width>
		<height>1</height>
		<depth>1</depth>
	</size>
	<segmented>0</segmented>
	<object>
		<name>face</name>
		<pose>Unspecified</pose>
		<truncated>0</truncated>
		<difficult>0</difficult>
		<bndbox>
			<xmin>243</xmin>
			<ymin>244</ymin>
			<xmax>462</xmax>
			<ymax>503</ymax>
		</bndbox>
	</object>
</annotation>
