<annotation verified="yes">
	<folder>save</folder>
	<filename>alexandra_daddario_is_wearing_black_top_facing_one_side_wearing_necklace_on_neck_2020_4k_hd_celebrities-1280x720.jpg</filename>
	<path/>
	<source>
		<database>Unknown</database>
	</source>
	<size>
		<width>1</width>
		<height>1</height>
		<depth>1</depth>
	</size>
	<segmented>0</segmented>
	<object>
		<name>face</name>
		<pose>Unspecified</pose>
		<truncated>0</truncated>
		<difficult>0</difficult>
		<bndbox>
			<xmin>555</xmin>
			<ymin>152</ymin>
			<xmax>726</xmax>
			<ymax>321</ymax>
		</bndbox>
	</object>
</annotation>
