<annotation verified="yes">
	<folder>save</folder>
	<filename>article_web_pic_2017_11_16_10_09_02_1.jpg</filename>
	<path/>
	<source>
		<database>Unknown</database>
	</source>
	<size>
		<width>1</width>
		<height>1</height>
		<depth>1</depth>
	</size>
	<segmented>0</segmented>
	<object>
		<name>face</name>
		<pose>Unspecified</pose>
		<truncated>0</truncated>
		<difficult>0</difficult>
		<bndbox>
			<xmin>129</xmin>
			<ymin>80</ymin>
			<xmax>423</xmax>
			<ymax>359</ymax>
		</bndbox>
	</object>
</annotation>
