<annotation verified="yes">
	<folder>save</folder>
	<filename>b2cc46d6f8e99b808d6aed294edb5a6e.jpg</filename>
	<path/>
	<source>
		<database>Unknown</database>
	</source>
	<size>
		<width>1</width>
		<height>1</height>
		<depth>1</depth>
	</size>
	<segmented>0</segmented>
	<object>
		<name>face</name>
		<pose>Unspecified</pose>
		<truncated>0</truncated>
		<difficult>0</difficult>
		<bndbox>
			<xmin>144</xmin>
			<ymin>151</ymin>
			<xmax>351</xmax>
			<ymax>376</ymax>
		</bndbox>
	</object>
</annotation>
