<annotation verified="yes">
	<folder>save</folder>
	<filename>bailee_madison_is_wearing_red_dress_sitting_in_green_grass_field_4k_hd_girls-1280x720.jpg</filename>
	<path/>
	<source>
		<database>Unknown</database>
	</source>
	<size>
		<width>1</width>
		<height>1</height>
		<depth>1</depth>
	</size>
	<segmented>0</segmented>
	<object>
		<name>face</name>
		<pose>Unspecified</pose>
		<truncated>0</truncated>
		<difficult>0</difficult>
		<bndbox>
			<xmin>375</xmin>
			<ymin>151</ymin>
			<xmax>637</xmax>
			<ymax>396</ymax>
		</bndbox>
	</object>
</annotation>
