<annotation verified="yes">
	<folder>save</folder>
	<filename>bd54150d7eed1214419242b5e6d640d4_b.jpg</filename>
	<path/>
	<source>
		<database>Unknown</database>
	</source>
	<size>
		<width>1</width>
		<height>1</height>
		<depth>1</depth>
	</size>
	<segmented>0</segmented>
	<object>
		<name>face</name>
		<pose>Unspecified</pose>
		<truncated>0</truncated>
		<difficult>0</difficult>
		<bndbox>
			<xmin>24</xmin>
			<ymin>145</ymin>
			<xmax>590</xmax>
			<ymax>771</ymax>
		</bndbox>
	</object>
</annotation>
