<annotation verified="yes">
	<folder>save</folder>
	<filename>beautiful_asian_girl_5k-1280x720.jpg</filename>
	<path/>
	<source>
		<database>Unknown</database>
	</source>
	<size>
		<width>1</width>
		<height>1</height>
		<depth>1</depth>
	</size>
	<segmented>0</segmented>
	<object>
		<name>face</name>
		<pose>Unspecified</pose>
		<truncated>0</truncated>
		<difficult>0</difficult>
		<bndbox>
			<xmin>792</xmin>
			<ymin>129</ymin>
			<xmax>965</xmax>
			<ymax>293</ymax>
		</bndbox>
	</object>
</annotation>
