<annotation verified="yes">
	<folder>save</folder>
	<filename>beautiful_girl_model_kate_upton_is_wearing_blue_dress_and_long_studs_hd_girls-1280x720.jpg</filename>
	<path/>
	<source>
		<database>Unknown</database>
	</source>
	<size>
		<width>1</width>
		<height>1</height>
		<depth>1</depth>
	</size>
	<segmented>0</segmented>
	<object>
		<name>face</name>
		<pose>Unspecified</pose>
		<truncated>0</truncated>
		<difficult>0</difficult>
		<bndbox>
			<xmin>510</xmin>
			<ymin>215</ymin>
			<xmax>740</xmax>
			<ymax>424</ymax>
		</bndbox>
	</object>
</annotation>
