<annotation verified="yes">
	<folder>save</folder>
	<filename>beautiful_caylee_cowan_girl_model_is_wearing_light_pink_dress_standing_in_black_background_hd_girls-1280x720.jpg</filename>
	<path/>
	<source>
		<database>Unknown</database>
	</source>
	<size>
		<width>1</width>
		<height>1</height>
		<depth>1</depth>
	</size>
	<segmented>0</segmented>
	<object>
		<name>face</name>
		<pose>Unspecified</pose>
		<truncated>0</truncated>
		<difficult>0</difficult>
		<bndbox>
			<xmin>473</xmin>
			<ymin>107</ymin>
			<xmax>772</xmax>
			<ymax>405</ymax>
		</bndbox>
	</object>
</annotation>
