<annotation verified="yes">
	<folder>save</folder>
	<filename>beautiful_girl_model_is_wearing_light_brown_dress_and_hat_standing_in_blur_garden_background_hd_girls-1280x720.jpg</filename>
	<path/>
	<source>
		<database>Unknown</database>
	</source>
	<size>
		<width>1</width>
		<height>1</height>
		<depth>1</depth>
	</size>
	<segmented>0</segmented>
	<object>
		<name>face</name>
		<pose>Unspecified</pose>
		<truncated>0</truncated>
		<difficult>0</difficult>
		<bndbox>
			<xmin>539</xmin>
			<ymin>217</ymin>
			<xmax>733</xmax>
			<ymax>392</ymax>
		</bndbox>
	</object>
</annotation>
