<annotation verified="yes">
	<folder>save</folder>
	<filename>beautiful_brown_eyes_brunette_girl_model_woman_in_depth_of_field_hd_girls-1280x720.jpg</filename>
	<path/>
	<source>
		<database>Unknown</database>
	</source>
	<size>
		<width>1</width>
		<height>1</height>
		<depth>1</depth>
	</size>
	<segmented>0</segmented>
	<object>
		<name>face</name>
		<pose>Unspecified</pose>
		<truncated>0</truncated>
		<difficult>0</difficult>
		<bndbox>
			<xmin>582</xmin>
			<ymin>230</ymin>
			<xmax>884</xmax>
			<ymax>533</ymax>
		</bndbox>
	</object>
</annotation>
