<annotation verified="yes">
	<folder>save</folder>
	<filename>beauty-woman-face-portrait-beautiful-260nw-511531090.jpg</filename>
	<path/>
	<source>
		<database>Unknown</database>
	</source>
	<size>
		<width>1</width>
		<height>1</height>
		<depth>1</depth>
	</size>
	<segmented>0</segmented>
	<object>
		<name>face</name>
		<pose>Unspecified</pose>
		<truncated>0</truncated>
		<difficult>0</difficult>
		<bndbox>
			<xmin>74</xmin>
			<ymin>51</ymin>
			<xmax>218</xmax>
			<ymax>195</ymax>
		</bndbox>
	</object>
</annotation>
