<annotation verified="yes">
	<folder>save</folder>
	<filename>beautiful_joey_king_is_sitting_on_floor_wearing_yellow_dress_in_light_purple_wall_background_4k_5k_hd_girls-1280x720.jpg</filename>
	<path/>
	<source>
		<database>Unknown</database>
	</source>
	<size>
		<width>1</width>
		<height>1</height>
		<depth>1</depth>
	</size>
	<segmented>0</segmented>
	<object>
		<name>face</name>
		<pose>Unspecified</pose>
		<truncated>0</truncated>
		<difficult>0</difficult>
		<bndbox>
			<xmin>181</xmin>
			<ymin>92</ymin>
			<xmax>284</xmax>
			<ymax>190</ymax>
		</bndbox>
	</object>
</annotation>
