<annotation verified="yes">
	<folder>save</folder>
	<filename>beautiful_grey_eyes_girl_model_is_standing_in_wood_wall_background_wearing_white_dress_hd_girls-1280x720.jpg</filename>
	<path/>
	<source>
		<database>Unknown</database>
	</source>
	<size>
		<width>1</width>
		<height>1</height>
		<depth>1</depth>
	</size>
	<segmented>0</segmented>
	<object>
		<name>face</name>
		<pose>Unspecified</pose>
		<truncated>0</truncated>
		<difficult>0</difficult>
		<bndbox>
			<xmin>499</xmin>
			<ymin>179</ymin>
			<xmax>750</xmax>
			<ymax>413</ymax>
		</bndbox>
	</object>
</annotation>
