<annotation verified="yes">
	<folder>save</folder>
	<filename>Beautiful-elegant-young-woman-turning-head.jpg</filename>
	<path/>
	<source>
		<database>Unknown</database>
	</source>
	<size>
		<width>1</width>
		<height>1</height>
		<depth>1</depth>
	</size>
	<segmented>0</segmented>
	<object>
		<name>face</name>
		<pose>Unspecified</pose>
		<truncated>0</truncated>
		<difficult>0</difficult>
		<bndbox>
			<xmin>263</xmin>
			<ymin>99</ymin>
			<xmax>458</xmax>
			<ymax>305</ymax>
		</bndbox>
	</object>
</annotation>
