<annotation verified="yes">
	<folder>save</folder>
	<filename>black_hair_girl_model_with_brown_coat_hd_model-1280x720.jpg</filename>
	<path/>
	<source>
		<database>Unknown</database>
	</source>
	<size>
		<width>1</width>
		<height>1</height>
		<depth>1</depth>
	</size>
	<segmented>0</segmented>
	<object>
		<name>face</name>
		<pose>Unspecified</pose>
		<truncated>0</truncated>
		<difficult>0</difficult>
		<bndbox>
			<xmin>708</xmin>
			<ymin>173</ymin>
			<xmax>862</xmax>
			<ymax>329</ymax>
		</bndbox>
	</object>
</annotation>
