<annotation verified="yes">
	<folder>save</folder>
	<filename>black_and_white_image_of_girl_model_sydney_sweeney_hd_girls-1280x720.jpg</filename>
	<path/>
	<source>
		<database>Unknown</database>
	</source>
	<size>
		<width>1</width>
		<height>1</height>
		<depth>1</depth>
	</size>
	<segmented>0</segmented>
	<object>
		<name>face</name>
		<pose>Unspecified</pose>
		<truncated>0</truncated>
		<difficult>0</difficult>
		<bndbox>
			<xmin>636</xmin>
			<ymin>136</ymin>
			<xmax>876</xmax>
			<ymax>401</ymax>
		</bndbox>
	</object>
</annotation>
