<annotation verified="yes">
	<folder>save</folder>
	<filename>black_short_hair_girl_model_is_wearing_white_dress_standing_in_white_flowers_plants_background_hd_girls-1280x720.jpg</filename>
	<path/>
	<source>
		<database>Unknown</database>
	</source>
	<size>
		<width>1</width>
		<height>1</height>
		<depth>1</depth>
	</size>
	<segmented>0</segmented>
	<object>
		<name>face</name>
		<pose>Unspecified</pose>
		<truncated>0</truncated>
		<difficult>0</difficult>
		<bndbox>
			<xmin>508</xmin>
			<ymin>185</ymin>
			<xmax>726</xmax>
			<ymax>402</ymax>
		</bndbox>
	</object>
</annotation>
