<annotation verified="yes">
	<folder>save</folder>
	<filename>blonde_hair_model_girl_with_pink_lips_in_white_background_hd_model-1280x720.jpg</filename>
	<path/>
	<source>
		<database>Unknown</database>
	</source>
	<size>
		<width>1</width>
		<height>1</height>
		<depth>1</depth>
	</size>
	<segmented>0</segmented>
	<object>
		<name>face</name>
		<pose>Unspecified</pose>
		<truncated>0</truncated>
		<difficult>0</difficult>
		<bndbox>
			<xmin>457</xmin>
			<ymin>284</ymin>
			<xmax>789</xmax>
			<ymax>596</ymax>
		</bndbox>
	</object>
</annotation>
