<annotation verified="yes">
	<folder>save</folder>
	<filename>blonde_hair_jessica_alba_in_black_background_wearing_flower_printed_top_4k_8k_hd_jessica_alba-1280x720.jpg</filename>
	<path/>
	<source>
		<database>Unknown</database>
	</source>
	<size>
		<width>1</width>
		<height>1</height>
		<depth>1</depth>
	</size>
	<segmented>0</segmented>
	<object>
		<name>face</name>
		<pose>Unspecified</pose>
		<truncated>0</truncated>
		<difficult>0</difficult>
		<bndbox>
			<xmin>463</xmin>
			<ymin>136</ymin>
			<xmax>680</xmax>
			<ymax>390</ymax>
		</bndbox>
	</object>
</annotation>
