<annotation verified="yes">
	<folder>save</folder>
	<filename>blonde_beautiful_girl_model_is_wearing_dark_lipstick_and_ash_black_dress_standing_in_blur_background_hd_girls-1280x720.jpg</filename>
	<path/>
	<source>
		<database>Unknown</database>
	</source>
	<size>
		<width>1</width>
		<height>1</height>
		<depth>1</depth>
	</size>
	<segmented>0</segmented>
	<object>
		<name>face</name>
		<pose>Unspecified</pose>
		<truncated>0</truncated>
		<difficult>0</difficult>
		<bndbox>
			<xmin>642</xmin>
			<ymin>170</ymin>
			<xmax>886</xmax>
			<ymax>412</ymax>
		</bndbox>
	</object>
</annotation>
