<annotation verified="yes">
	<folder>save</folder>
	<filename>blonde_girl_model_is_wearing_black_dress_sitting_in_white_cloth_background_4k_hd_girls-1280x720.jpg</filename>
	<path/>
	<source>
		<database>Unknown</database>
	</source>
	<size>
		<width>1</width>
		<height>1</height>
		<depth>1</depth>
	</size>
	<segmented>0</segmented>
	<object>
		<name>face</name>
		<pose>Unspecified</pose>
		<truncated>0</truncated>
		<difficult>0</difficult>
		<bndbox>
			<xmin>562</xmin>
			<ymin>183</ymin>
			<xmax>809</xmax>
			<ymax>437</ymax>
		</bndbox>
	</object>
</annotation>
