<annotation verified="yes">
	<folder>save</folder>
	<filename>blue_eyes_black_long_hair_girl_model_is_wearing_red_dress_standing_in_blur_background_hd_girls-1280x720.jpg</filename>
	<path/>
	<source>
		<database>Unknown</database>
	</source>
	<size>
		<width>1</width>
		<height>1</height>
		<depth>1</depth>
	</size>
	<segmented>0</segmented>
	<object>
		<name>face</name>
		<pose>Unspecified</pose>
		<truncated>0</truncated>
		<difficult>0</difficult>
		<bndbox>
			<xmin>432</xmin>
			<ymin>176</ymin>
			<xmax>749</xmax>
			<ymax>484</ymax>
		</bndbox>
	</object>
</annotation>
