<annotation verified="yes">
	<folder>save</folder>
	<filename>blue_coat_wearing_president_joe_biden_with_red_and_white_background_hd_joe_biden-1280x720.jpg</filename>
	<path/>
	<source>
		<database>Unknown</database>
	</source>
	<size>
		<width>1</width>
		<height>1</height>
		<depth>1</depth>
	</size>
	<segmented>0</segmented>
	<object>
		<name>face</name>
		<pose>Unspecified</pose>
		<truncated>0</truncated>
		<difficult>0</difficult>
		<bndbox>
			<xmin>503</xmin>
			<ymin>190</ymin>
			<xmax>796</xmax>
			<ymax>500</ymax>
		</bndbox>
	</object>
</annotation>
