<annotation verified="yes">
	<folder>save</folder>
	<filename>blue_eyes_girl_model_is_wearing_peach_puff_color_dress_4k_hd_girls-1280x720.jpg</filename>
	<path/>
	<source>
		<database>Unknown</database>
	</source>
	<size>
		<width>1</width>
		<height>1</height>
		<depth>1</depth>
	</size>
	<segmented>0</segmented>
	<object>
		<name>face</name>
		<pose>Unspecified</pose>
		<truncated>0</truncated>
		<difficult>0</difficult>
		<bndbox>
			<xmin>270</xmin>
			<ymin>158</ymin>
			<xmax>536</xmax>
			<ymax>404</ymax>
		</bndbox>
	</object>
</annotation>
