<annotation verified="yes">
	<folder>save</folder>
	<filename>brazilian_girl_model_lais_ribeiro_with_brown_eyes_hd_lais_ribeiro-1280x720.jpg</filename>
	<path/>
	<source>
		<database>Unknown</database>
	</source>
	<size>
		<width>1</width>
		<height>1</height>
		<depth>1</depth>
	</size>
	<segmented>0</segmented>
	<object>
		<name>face</name>
		<pose>Unspecified</pose>
		<truncated>0</truncated>
		<difficult>0</difficult>
		<bndbox>
			<xmin>490</xmin>
			<ymin>203</ymin>
			<xmax>786</xmax>
			<ymax>506</ymax>
		</bndbox>
	</object>
</annotation>
