<annotation verified="yes">
	<folder>save</folder>
	<filename>c31c18eb5aa943a6a747c4c7404658af.jpg</filename>
	<path/>
	<source>
		<database>Unknown</database>
	</source>
	<size>
		<width>1</width>
		<height>1</height>
		<depth>1</depth>
	</size>
	<segmented>0</segmented>
	<object>
		<name>face</name>
		<pose>Unspecified</pose>
		<truncated>0</truncated>
		<difficult>0</difficult>
		<bndbox>
			<xmin>436</xmin>
			<ymin>588</ymin>
			<xmax>1017</xmax>
			<ymax>1186</ymax>
		</bndbox>
	</object>
</annotation>
