<annotation verified="yes">
	<folder>save</folder>
	<filename>c808a95b48085979effc3f2c351ffa6452eb3f45.jpg</filename>
	<path/>
	<source>
		<database>Unknown</database>
	</source>
	<size>
		<width>1</width>
		<height>1</height>
		<depth>1</depth>
	</size>
	<segmented>0</segmented>
	<object>
		<name>face</name>
		<pose>Unspecified</pose>
		<truncated>0</truncated>
		<difficult>0</difficult>
		<bndbox>
			<xmin>464</xmin>
			<ymin>150</ymin>
			<xmax>841</xmax>
			<ymax>538</ymax>
		</bndbox>
	</object>
</annotation>
