<annotation verified="yes">
	<folder>save</folder>
	<filename>carmen-electra-face-profile-earrings-wallpaper.jpg</filename>
	<path/>
	<source>
		<database>Unknown</database>
	</source>
	<size>
		<width>1</width>
		<height>1</height>
		<depth>1</depth>
	</size>
	<segmented>0</segmented>
	<object>
		<name>face</name>
		<pose>Unspecified</pose>
		<truncated>0</truncated>
		<difficult>0</difficult>
		<bndbox>
			<xmin>703</xmin>
			<ymin>646</ymin>
			<xmax>1414</xmax>
			<ymax>1440</ymax>
		</bndbox>
	</object>
</annotation>
