<annotation verified="yes">
	<folder>save</folder>
	<filename>CC047C0F-0081-493D-B48E-0C7F856592C6.jpg</filename>
	<path/>
	<source>
		<database>Unknown</database>
	</source>
	<size>
		<width>1</width>
		<height>1</height>
		<depth>1</depth>
	</size>
	<segmented>0</segmented>
	<object>
		<name>face</name>
		<pose>Unspecified</pose>
		<truncated>0</truncated>
		<difficult>0</difficult>
		<bndbox>
			<xmin>155</xmin>
			<ymin>325</ymin>
			<xmax>389</xmax>
			<ymax>547</ymax>
		</bndbox>
	</object>
</annotation>
