<annotation verified="yes">
	<folder>save</folder>
	<filename>cf6d451b1edef4dc6fb1aaac45ecd3d968750cdc.jpg</filename>
	<path/>
	<source>
		<database>Unknown</database>
	</source>
	<size>
		<width>1</width>
		<height>1</height>
		<depth>1</depth>
	</size>
	<segmented>0</segmented>
	<object>
		<name>face</name>
		<pose>Unspecified</pose>
		<truncated>0</truncated>
		<difficult>0</difficult>
		<bndbox>
			<xmin>57</xmin>
			<ymin>137</ymin>
			<xmax>218</xmax>
			<ymax>321</ymax>
		</bndbox>
	</object>
</annotation>
