<annotation verified="yes">
	<folder>save</folder>
	<filename>cGcq5iZ0ATYhJzNkljZ5QmZwYWNlJjZ4ADZjRDN0cDOzMzYwAjNiZDNycjZv0WZ0l2LjlGcvU2apFmYv02bj5SdklWYi5yYyN3Ztl2LvoDc0RHa.jpg</filename>
	<path/>
	<source>
		<database>Unknown</database>
	</source>
	<size>
		<width>1</width>
		<height>1</height>
		<depth>1</depth>
	</size>
	<segmented>0</segmented>
	<object>
		<name>face</name>
		<pose>Unspecified</pose>
		<truncated>0</truncated>
		<difficult>0</difficult>
		<bndbox>
			<xmin>393</xmin>
			<ymin>239</ymin>
			<xmax>779</xmax>
			<ymax>598</ymax>
		</bndbox>
	</object>
</annotation>
