<annotation verified="yes">
	<folder>save</folder>
	<filename>chinese_actress_liu_yifei-1280x800.jpg</filename>
	<path/>
	<source>
		<database>Unknown</database>
	</source>
	<size>
		<width>1</width>
		<height>1</height>
		<depth>1</depth>
	</size>
	<segmented>0</segmented>
	<object>
		<name>face</name>
		<pose>Unspecified</pose>
		<truncated>0</truncated>
		<difficult>0</difficult>
		<bndbox>
			<xmin>674</xmin>
			<ymin>139</ymin>
			<xmax>1051</xmax>
			<ymax>507</ymax>
		</bndbox>
	</object>
</annotation>
