<annotation verified="yes">
	<folder>save</folder>
	<filename>closeup_view_of_auburn_hair_avril_lavigne_gir_model_4k_hd_girls-1280x720.jpg</filename>
	<path/>
	<source>
		<database>Unknown</database>
	</source>
	<size>
		<width>1</width>
		<height>1</height>
		<depth>1</depth>
	</size>
	<segmented>0</segmented>
	<object>
		<name>face</name>
		<pose>Unspecified</pose>
		<truncated>0</truncated>
		<difficult>0</difficult>
		<bndbox>
			<xmin>503</xmin>
			<ymin>345</ymin>
			<xmax>839</xmax>
			<ymax>658</ymax>
		</bndbox>
	</object>
</annotation>
