<annotation verified="yes">
	<folder>save</folder>
	<filename>closeup_photo_of_draco_malfoy_hd_draco_malfoy-1280x720.jpg</filename>
	<path/>
	<source>
		<database>Unknown</database>
	</source>
	<size>
		<width>1</width>
		<height>1</height>
		<depth>1</depth>
	</size>
	<segmented>0</segmented>
	<object>
		<name>face</name>
		<pose>Unspecified</pose>
		<truncated>0</truncated>
		<difficult>0</difficult>
		<bndbox>
			<xmin>467</xmin>
			<ymin>179</ymin>
			<xmax>814</xmax>
			<ymax>512</ymax>
		</bndbox>
	</object>
</annotation>
