<annotation verified="yes">
	<folder>save</folder>
	<filename>closeup_view_of_girl_model_candice_swanepoel_in_blur_people_background_hd_girls-1280x720.jpg</filename>
	<path/>
	<source>
		<database>Unknown</database>
	</source>
	<size>
		<width>1</width>
		<height>1</height>
		<depth>1</depth>
	</size>
	<segmented>0</segmented>
	<object>
		<name>face</name>
		<pose>Unspecified</pose>
		<truncated>0</truncated>
		<difficult>0</difficult>
		<bndbox>
			<xmin>469</xmin>
			<ymin>226</ymin>
			<xmax>866</xmax>
			<ymax>602</ymax>
		</bndbox>
	</object>
</annotation>
