<annotation verified="yes">
	<folder>save</folder>
	<filename>content_6eccb975-77f4-4c3f-a322-0914a8469395.jpg</filename>
	<path/>
	<source>
		<database>Unknown</database>
	</source>
	<size>
		<width>1</width>
		<height>1</height>
		<depth>1</depth>
	</size>
	<segmented>0</segmented>
	<object>
		<name>face</name>
		<pose>Unspecified</pose>
		<truncated>0</truncated>
		<difficult>0</difficult>
		<bndbox>
			<xmin>284</xmin>
			<ymin>128</ymin>
			<xmax>481</xmax>
			<ymax>345</ymax>
		</bndbox>
	</object>
</annotation>
