<annotation verified="yes">
	<folder>save</folder>
	<filename>d19f9b38df1961111d28aa817b84a007.jpg</filename>
	<path/>
	<source>
		<database>Unknown</database>
	</source>
	<size>
		<width>1</width>
		<height>1</height>
		<depth>1</depth>
	</size>
	<segmented>0</segmented>
	<object>
		<name>face</name>
		<pose>Unspecified</pose>
		<truncated>0</truncated>
		<difficult>0</difficult>
		<bndbox>
			<xmin>178</xmin>
			<ymin>152</ymin>
			<xmax>374</xmax>
			<ymax>380</ymax>
		</bndbox>
	</object>
</annotation>
