<annotation verified="yes">
	<folder>save</folder>
	<filename>d9d168a6-f042-46d4-a030-fff8099a240e.jpg</filename>
	<path/>
	<source>
		<database>Unknown</database>
	</source>
	<size>
		<width>1</width>
		<height>1</height>
		<depth>1</depth>
	</size>
	<segmented>0</segmented>
	<object>
		<name>face</name>
		<pose>Unspecified</pose>
		<truncated>0</truncated>
		<difficult>0</difficult>
		<bndbox>
			<xmin>185</xmin>
			<ymin>210</ymin>
			<xmax>483</xmax>
			<ymax>510</ymax>
		</bndbox>
	</object>
</annotation>
