<annotation verified="yes">
	<folder>save</folder>
	<filename>db185c4729dc4849ad604b493b94b197.jpg</filename>
	<path/>
	<source>
		<database>Unknown</database>
	</source>
	<size>
		<width>1</width>
		<height>1</height>
		<depth>1</depth>
	</size>
	<segmented>0</segmented>
	<object>
		<name>face</name>
		<pose>Unspecified</pose>
		<truncated>0</truncated>
		<difficult>0</difficult>
		<bndbox>
			<xmin>278</xmin>
			<ymin>470</ymin>
			<xmax>616</xmax>
			<ymax>775</ymax>
		</bndbox>
	</object>
</annotation>
