<annotation verified="yes">
	<folder>save</folder>
	<filename>db7c30f669b9478bb62eb8e906bcea5a.jpg</filename>
	<path/>
	<source>
		<database>Unknown</database>
	</source>
	<size>
		<width>1</width>
		<height>1</height>
		<depth>1</depth>
	</size>
	<segmented>0</segmented>
	<object>
		<name>face</name>
		<pose>Unspecified</pose>
		<truncated>0</truncated>
		<difficult>0</difficult>
		<bndbox>
			<xmin>37</xmin>
			<ymin>199</ymin>
			<xmax>365</xmax>
			<ymax>616</ymax>
		</bndbox>
	</object>
</annotation>
