<annotation verified="yes">
	<folder>save</folder>
	<filename>deepika_padukone_is_wearing_saree_standing_in_flowers_drawing_wall_background_hd_girls-1280x720.jpg</filename>
	<path/>
	<source>
		<database>Unknown</database>
	</source>
	<size>
		<width>1</width>
		<height>1</height>
		<depth>1</depth>
	</size>
	<segmented>0</segmented>
	<object>
		<name>face</name>
		<pose>Unspecified</pose>
		<truncated>0</truncated>
		<difficult>0</difficult>
		<bndbox>
			<xmin>735</xmin>
			<ymin>206</ymin>
			<xmax>981</xmax>
			<ymax>440</ymax>
		</bndbox>
	</object>
</annotation>
