<annotation verified="yes">
	<folder>save</folder>
	<filename>depositphotos_211131152-stock-photo-side-view-portrait-young-woman.jpg</filename>
	<path/>
	<source>
		<database>Unknown</database>
	</source>
	<size>
		<width>1</width>
		<height>1</height>
		<depth>1</depth>
	</size>
	<segmented>0</segmented>
	<object>
		<name>face</name>
		<pose>Unspecified</pose>
		<truncated>0</truncated>
		<difficult>0</difficult>
		<bndbox>
			<xmin>385</xmin>
			<ymin>285</ymin>
			<xmax>791</xmax>
			<ymax>829</ymax>
		</bndbox>
	</object>
</annotation>
