<annotation verified="yes">
	<folder>save</folder>
	<filename>depositphotos_53448975-stock-photo-side-face-view-of-surprised.jpg</filename>
	<path/>
	<source>
		<database>Unknown</database>
	</source>
	<size>
		<width>1</width>
		<height>1</height>
		<depth>1</depth>
	</size>
	<segmented>0</segmented>
	<object>
		<name>face</name>
		<pose>Unspecified</pose>
		<truncated>0</truncated>
		<difficult>0</difficult>
		<bndbox>
			<xmin>363</xmin>
			<ymin>349</ymin>
			<xmax>789</xmax>
			<ymax>827</ymax>
		</bndbox>
	</object>
</annotation>
