<annotation verified="yes">
	<folder>save</folder>
	<filename>depositphotos_158101896-stock-photo-cheery-attractive-girl-using-cosmetics.jpg</filename>
	<path/>
	<source>
		<database>Unknown</database>
	</source>
	<size>
		<width>1</width>
		<height>1</height>
		<depth>1</depth>
	</size>
	<segmented>0</segmented>
	<object>
		<name>face</name>
		<pose>Unspecified</pose>
		<truncated>0</truncated>
		<difficult>0</difficult>
		<bndbox>
			<xmin>728</xmin>
			<ymin>322</ymin>
			<xmax>1100</xmax>
			<ymax>713</ymax>
		</bndbox>
	</object>
</annotation>
