<annotation verified="yes">
	<folder>save</folder>
	<filename>depositphotos_162229416-stock-photo-handsome-man-looking-up.jpg</filename>
	<path/>
	<source>
		<database>Unknown</database>
	</source>
	<size>
		<width>1</width>
		<height>1</height>
		<depth>1</depth>
	</size>
	<segmented>0</segmented>
	<object>
		<name>face</name>
		<pose>Unspecified</pose>
		<truncated>0</truncated>
		<difficult>0</difficult>
		<bndbox>
			<xmin>619</xmin>
			<ymin>198</ymin>
			<xmax>958</xmax>
			<ymax>598</ymax>
		</bndbox>
	</object>
</annotation>
