<annotation verified="yes">
	<folder>save</folder>
	<filename>depositphotos_17209623-stock-photo-mans-face-in-side-view.jpg</filename>
	<path/>
	<source>
		<database>Unknown</database>
	</source>
	<size>
		<width>1</width>
		<height>1</height>
		<depth>1</depth>
	</size>
	<segmented>0</segmented>
	<object>
		<name>face</name>
		<pose>Unspecified</pose>
		<truncated>0</truncated>
		<difficult>0</difficult>
		<bndbox>
			<xmin>61</xmin>
			<ymin>321</ymin>
			<xmax>343</xmax>
			<ymax>679</ymax>
		</bndbox>
	</object>
</annotation>
