<annotation verified="yes">
	<folder>save</folder>
	<filename>depositphotos_359079562-stock-photo-close-portrait-young-beautiful-blonde.jpg</filename>
	<path/>
	<source>
		<database>Unknown</database>
	</source>
	<size>
		<width>1</width>
		<height>1</height>
		<depth>1</depth>
	</size>
	<segmented>0</segmented>
	<object>
		<name>face</name>
		<pose>Unspecified</pose>
		<truncated>0</truncated>
		<difficult>0</difficult>
		<bndbox>
			<xmin>144</xmin>
			<ymin>142</ymin>
			<xmax>302</xmax>
			<ymax>287</ymax>
		</bndbox>
	</object>
</annotation>
