<annotation verified="yes">
	<folder>save</folder>
	<filename>depositphotos_1072453-stock-photo-portrait-of-a-beauty-young.jpg</filename>
	<path/>
	<source>
		<database>Unknown</database>
	</source>
	<size>
		<width>1</width>
		<height>1</height>
		<depth>1</depth>
	</size>
	<segmented>0</segmented>
	<object>
		<name>face</name>
		<pose>Unspecified</pose>
		<truncated>0</truncated>
		<difficult>0</difficult>
		<bndbox>
			<xmin>29</xmin>
			<ymin>87</ymin>
			<xmax>251</xmax>
			<ymax>322</ymax>
		</bndbox>
	</object>
</annotation>
