<annotation verified="yes">
	<folder>save</folder>
	<filename>e6198655fb147beedfabbb9a381951e1.jpg</filename>
	<path/>
	<source>
		<database>Unknown</database>
	</source>
	<size>
		<width>1</width>
		<height>1</height>
		<depth>1</depth>
	</size>
	<segmented>0</segmented>
	<object>
		<name>face</name>
		<pose>Unspecified</pose>
		<truncated>0</truncated>
		<difficult>0</difficult>
		<bndbox>
			<xmin>244</xmin>
			<ymin>328</ymin>
			<xmax>595</xmax>
			<ymax>655</ymax>
		</bndbox>
	</object>
</annotation>
