<annotation verified="yes">
	<folder>save</folder>
	<filename>emilia-clarke-cute-face-wallpaper-for-1280x720-hdtv-720p-13-101.jpg</filename>
	<path/>
	<source>
		<database>Unknown</database>
	</source>
	<size>
		<width>1</width>
		<height>1</height>
		<depth>1</depth>
	</size>
	<segmented>0</segmented>
	<object>
		<name>face</name>
		<pose>Unspecified</pose>
		<truncated>0</truncated>
		<difficult>0</difficult>
		<bndbox>
			<xmin>451</xmin>
			<ymin>235</ymin>
			<xmax>846</xmax>
			<ymax>619</ymax>
		</bndbox>
	</object>
</annotation>
