<annotation verified="yes">
	<folder>save</folder>
	<filename>excited-surprised-young-happy-woman-astonished-pointing-looking-left-side-blank-space-your-promo-223573989.jpg</filename>
	<path/>
	<source>
		<database>Unknown</database>
	</source>
	<size>
		<width>1</width>
		<height>1</height>
		<depth>1</depth>
	</size>
	<segmented>0</segmented>
	<object>
		<name>face</name>
		<pose>Unspecified</pose>
		<truncated>0</truncated>
		<difficult>0</difficult>
		<bndbox>
			<xmin>344</xmin>
			<ymin>221</ymin>
			<xmax>626</xmax>
			<ymax>489</ymax>
		</bndbox>
	</object>
</annotation>
