<annotation verified="yes">
	<folder>save</folder>
	<filename>f3ea05ac2e28dcc051b45c85c072bf64.jpg</filename>
	<path/>
	<source>
		<database>Unknown</database>
	</source>
	<size>
		<width>1</width>
		<height>1</height>
		<depth>1</depth>
	</size>
	<segmented>0</segmented>
	<object>
		<name>face</name>
		<pose>Unspecified</pose>
		<truncated>0</truncated>
		<difficult>0</difficult>
		<bndbox>
			<xmin>298</xmin>
			<ymin>179</ymin>
			<xmax>634</xmax>
			<ymax>527</ymax>
		</bndbox>
	</object>
</annotation>
