<annotation verified="yes">
	<folder>save</folder>
	<filename>f5dcb358dbe041f99df9b597bd61cb90.jpg</filename>
	<path/>
	<source>
		<database>Unknown</database>
	</source>
	<size>
		<width>1</width>
		<height>1</height>
		<depth>1</depth>
	</size>
	<segmented>0</segmented>
	<object>
		<name>face</name>
		<pose>Unspecified</pose>
		<truncated>0</truncated>
		<difficult>0</difficult>
		<bndbox>
			<xmin>281</xmin>
			<ymin>206</ymin>
			<xmax>490</xmax>
			<ymax>444</ymax>
		</bndbox>
	</object>
</annotation>
