<annotation verified="yes">
	<folder>save</folder>
	<filename>Face_Hands_Glance_Bokeh_Redhead_girl_592822_1280x720.jpg</filename>
	<path/>
	<source>
		<database>Unknown</database>
	</source>
	<size>
		<width>1</width>
		<height>1</height>
		<depth>1</depth>
	</size>
	<segmented>0</segmented>
	<object>
		<name>face</name>
		<pose>Unspecified</pose>
		<truncated>0</truncated>
		<difficult>0</difficult>
		<bndbox>
			<xmin>584</xmin>
			<ymin>198</ymin>
			<xmax>848</xmax>
			<ymax>457</ymax>
		</bndbox>
	</object>
</annotation>
