<annotation verified="yes">
	<folder>save</folder>
	<filename>ffd1f9d2901f4af8a968dd243fafa9a0.jpg</filename>
	<path/>
	<source>
		<database>Unknown</database>
	</source>
	<size>
		<width>1</width>
		<height>1</height>
		<depth>1</depth>
	</size>
	<segmented>0</segmented>
	<object>
		<name>face</name>
		<pose>Unspecified</pose>
		<truncated>0</truncated>
		<difficult>0</difficult>
		<bndbox>
			<xmin>193</xmin>
			<ymin>204</ymin>
			<xmax>643</xmax>
			<ymax>580</ymax>
		</bndbox>
	</object>
</annotation>
