<annotation verified="yes">
	<folder>save</folder>
	<filename>girl_model_is_lying_down_on_wood_bench_wearing_blue_white_dress_hd_girls-1280x720.jpg</filename>
	<path/>
	<source>
		<database>Unknown</database>
	</source>
	<size>
		<width>1</width>
		<height>1</height>
		<depth>1</depth>
	</size>
	<segmented>0</segmented>
	<object>
		<name>face</name>
		<pose>Unspecified</pose>
		<truncated>0</truncated>
		<difficult>0</difficult>
		<bndbox>
			<xmin>224</xmin>
			<ymin>329</ymin>
			<xmax>463</xmax>
			<ymax>558</ymax>
		</bndbox>
	</object>
</annotation>
