<annotation verified="yes">
	<folder>save</folder>
	<filename>girl_model_marlen_valderrama_alvarez_is_wearing_yellow_dress_standing_in_white_flowers_background_hd_girls-1280x720.jpg</filename>
	<path/>
	<source>
		<database>Unknown</database>
	</source>
	<size>
		<width>1</width>
		<height>1</height>
		<depth>1</depth>
	</size>
	<segmented>0</segmented>
	<object>
		<name>face</name>
		<pose>Unspecified</pose>
		<truncated>0</truncated>
		<difficult>0</difficult>
		<bndbox>
			<xmin>485</xmin>
			<ymin>163</ymin>
			<xmax>636</xmax>
			<ymax>318</ymax>
		</bndbox>
	</object>
</annotation>
