<annotation verified="yes">
	<folder>save</folder>
	<filename>girl_model_with_black_leather_coat_and_a_glass_is_having_umbrella_hd_model-1280x720.jpg</filename>
	<path/>
	<source>
		<database>Unknown</database>
	</source>
	<size>
		<width>1</width>
		<height>1</height>
		<depth>1</depth>
	</size>
	<segmented>0</segmented>
	<object>
		<name>face</name>
		<pose>Unspecified</pose>
		<truncated>0</truncated>
		<difficult>0</difficult>
		<bndbox>
			<xmin>542</xmin>
			<ymin>100</ymin>
			<xmax>771</xmax>
			<ymax>343</ymax>
		</bndbox>
	</object>
</annotation>
