<annotation verified="yes">
	<folder>save</folder>
	<filename>girl_model_joey_king_is_standing_in_purple_wall_background_wearing_silver_color_dress_4k_hd_girls-1280x720.jpg</filename>
	<path/>
	<source>
		<database>Unknown</database>
	</source>
	<size>
		<width>1</width>
		<height>1</height>
		<depth>1</depth>
	</size>
	<segmented>0</segmented>
	<object>
		<name>face</name>
		<pose>Unspecified</pose>
		<truncated>0</truncated>
		<difficult>0</difficult>
		<bndbox>
			<xmin>550</xmin>
			<ymin>176</ymin>
			<xmax>772</xmax>
			<ymax>379</ymax>
		</bndbox>
	</object>
</annotation>
