<annotation verified="yes">
	<folder>save</folder>
	<filename>girl_model_is_looking_away_wearing_stone_earring_hd_girls-1280x720.jpg</filename>
	<path/>
	<source>
		<database>Unknown</database>
	</source>
	<size>
		<width>1</width>
		<height>1</height>
		<depth>1</depth>
	</size>
	<segmented>0</segmented>
	<object>
		<name>face</name>
		<pose>Unspecified</pose>
		<truncated>0</truncated>
		<difficult>0</difficult>
		<bndbox>
			<xmin>519</xmin>
			<ymin>131</ymin>
			<xmax>835</xmax>
			<ymax>443</ymax>
		</bndbox>
	</object>
</annotation>
