<annotation verified="yes">
	<folder>save</folder>
	<filename>grey_eyes_jake_gyllenhaal_in_black_background_is_wearing_green_overcoat_hd_boys-1280x720.jpg</filename>
	<path/>
	<source>
		<database>Unknown</database>
	</source>
	<size>
		<width>1</width>
		<height>1</height>
		<depth>1</depth>
	</size>
	<segmented>0</segmented>
	<object>
		<name>face</name>
		<pose>Unspecified</pose>
		<truncated>0</truncated>
		<difficult>0</difficult>
		<bndbox>
			<xmin>455</xmin>
			<ymin>239</ymin>
			<xmax>821</xmax>
			<ymax>623</ymax>
		</bndbox>
	</object>
</annotation>
