<annotation verified="yes">
	<folder>save</folder>
	<filename>grey_eyes_dakota_johnson_girl_model_is_wearing_black_jacket_standing_in_blur_background_hd_girls-1280x720.jpg</filename>
	<path/>
	<source>
		<database>Unknown</database>
	</source>
	<size>
		<width>1</width>
		<height>1</height>
		<depth>1</depth>
	</size>
	<segmented>0</segmented>
	<object>
		<name>face</name>
		<pose>Unspecified</pose>
		<truncated>0</truncated>
		<difficult>0</difficult>
		<bndbox>
			<xmin>333</xmin>
			<ymin>165</ymin>
			<xmax>624</xmax>
			<ymax>470</ymax>
		</bndbox>
	</object>
</annotation>
