<annotation verified="yes">
	<folder>save</folder>
	<filename>grey_eyes_taylor_kitsch_in_ash_background_hd_boys-1280x720.jpg</filename>
	<path/>
	<source>
		<database>Unknown</database>
	</source>
	<size>
		<width>1</width>
		<height>1</height>
		<depth>1</depth>
	</size>
	<segmented>0</segmented>
	<object>
		<name>face</name>
		<pose>Unspecified</pose>
		<truncated>0</truncated>
		<difficult>0</difficult>
		<bndbox>
			<xmin>530</xmin>
			<ymin>266</ymin>
			<xmax>1015</xmax>
			<ymax>718</ymax>
		</bndbox>
	</object>
</annotation>
