<annotation verified="yes">
	<folder>save</folder>
	<filename>grey_eyes_joey_king_with_boy_cut_hairstyle_is_wearing_black_dress_and_gold_chain_on_neck_4k_hd_girls-1280x720.jpg</filename>
	<path/>
	<source>
		<database>Unknown</database>
	</source>
	<size>
		<width>1</width>
		<height>1</height>
		<depth>1</depth>
	</size>
	<segmented>0</segmented>
	<object>
		<name>face</name>
		<pose>Unspecified</pose>
		<truncated>0</truncated>
		<difficult>0</difficult>
		<bndbox>
			<xmin>505</xmin>
			<ymin>275</ymin>
			<xmax>819</xmax>
			<ymax>543</ymax>
		</bndbox>
	</object>
</annotation>
