<annotation verified="yes">
	<folder>save</folder>
	<filename>istockphoto-802648974-612x612.jpg</filename>
	<path/>
	<source>
		<database>Unknown</database>
	</source>
	<size>
		<width>1</width>
		<height>1</height>
		<depth>1</depth>
	</size>
	<segmented>0</segmented>
	<object>
		<name>face</name>
		<pose>Unspecified</pose>
		<truncated>0</truncated>
		<difficult>0</difficult>
		<bndbox>
			<xmin>99</xmin>
			<ymin>119</ymin>
			<xmax>257</xmax>
			<ymax>294</ymax>
		</bndbox>
	</object>
</annotation>
