<annotation verified="yes">
	<folder>save</folder>
	<filename>istockphoto-171771398-1024x1024.jpg</filename>
	<path/>
	<source>
		<database>Unknown</database>
	</source>
	<size>
		<width>1</width>
		<height>1</height>
		<depth>1</depth>
	</size>
	<segmented>0</segmented>
	<object>
		<name>face</name>
		<pose>Unspecified</pose>
		<truncated>0</truncated>
		<difficult>0</difficult>
		<bndbox>
			<xmin>186</xmin>
			<ymin>342</ymin>
			<xmax>463</xmax>
			<ymax>625</ymax>
		</bndbox>
	</object>
</annotation>
