<annotation verified="yes">
	<folder>save</folder>
	<filename>jennifer_lawrence_12_4k_hd_celebrities-1280x720.jpg</filename>
	<path/>
	<source>
		<database>Unknown</database>
	</source>
	<size>
		<width>1</width>
		<height>1</height>
		<depth>1</depth>
	</size>
	<segmented>0</segmented>
	<object>
		<name>face</name>
		<pose>Unspecified</pose>
		<truncated>0</truncated>
		<difficult>0</difficult>
		<bndbox>
			<xmin>510</xmin>
			<ymin>156</ymin>
			<xmax>943</xmax>
			<ymax>568</ymax>
		</bndbox>
	</object>
</annotation>
