<annotation verified="yes">
	<folder>save</folder>
	<filename>jennifer_aniston_with_blonde_hair_and_pink_lips_hd_jennifer_aniston-1280x720.jpg</filename>
	<path/>
	<source>
		<database>Unknown</database>
	</source>
	<size>
		<width>1</width>
		<height>1</height>
		<depth>1</depth>
	</size>
	<segmented>0</segmented>
	<object>
		<name>face</name>
		<pose>Unspecified</pose>
		<truncated>0</truncated>
		<difficult>0</difficult>
		<bndbox>
			<xmin>588</xmin>
			<ymin>235</ymin>
			<xmax>1019</xmax>
			<ymax>676</ymax>
		</bndbox>
	</object>
</annotation>
