<annotation verified="yes">
	<folder>save</folder>
	<filename>jessica-biel-face-1280x720-wallpaper-12514.jpg</filename>
	<path/>
	<source>
		<database>Unknown</database>
	</source>
	<size>
		<width>1</width>
		<height>1</height>
		<depth>1</depth>
	</size>
	<segmented>0</segmented>
	<object>
		<name>face</name>
		<pose>Unspecified</pose>
		<truncated>0</truncated>
		<difficult>0</difficult>
		<bndbox>
			<xmin>521</xmin>
			<ymin>320</ymin>
			<xmax>898</xmax>
			<ymax>687</ymax>
		</bndbox>
	</object>
</annotation>
