<annotation verified="yes">
	<folder>save</folder>
	<filename>kate_beckinsale_with_pink_lips_and_nails_with_dark_gray_nail_polish_4k_5k_hd_kate_beckinsale-1280x720.jpg</filename>
	<path/>
	<source>
		<database>Unknown</database>
	</source>
	<size>
		<width>1</width>
		<height>1</height>
		<depth>1</depth>
	</size>
	<segmented>0</segmented>
	<object>
		<name>face</name>
		<pose>Unspecified</pose>
		<truncated>0</truncated>
		<difficult>0</difficult>
		<bndbox>
			<xmin>297</xmin>
			<ymin>170</ymin>
			<xmax>722</xmax>
			<ymax>592</ymax>
		</bndbox>
	</object>
</annotation>
