<annotation verified="yes">
	<folder>save</folder>
	<filename>l6zw72280iefyqpmsvsho4e16fd68c.jpg</filename>
	<path/>
	<source>
		<database>Unknown</database>
	</source>
	<size>
		<width>1</width>
		<height>1</height>
		<depth>1</depth>
	</size>
	<segmented>0</segmented>
	<object>
		<name>face</name>
		<pose>Unspecified</pose>
		<truncated>0</truncated>
		<difficult>0</difficult>
		<bndbox>
			<xmin>459</xmin>
			<ymin>137</ymin>
			<xmax>782</xmax>
			<ymax>522</ymax>
		</bndbox>
	</object>
</annotation>
