<annotation verified="yes">
	<folder>save</folder>
	<filename>mac_miller_is_wearing_white_t_shirt_and_having_flower_tattoo_in_neck_17_hd_celebrities-1280x720.jpg</filename>
	<path/>
	<source>
		<database>Unknown</database>
	</source>
	<size>
		<width>1</width>
		<height>1</height>
		<depth>1</depth>
	</size>
	<segmented>0</segmented>
	<object>
		<name>face</name>
		<pose>Unspecified</pose>
		<truncated>0</truncated>
		<difficult>0</difficult>
		<bndbox>
			<xmin>353</xmin>
			<ymin>107</ymin>
			<xmax>709</xmax>
			<ymax>495</ymax>
		</bndbox>
	</object>
</annotation>
