<annotation verified="yes">
	<folder>save</folder>
	<filename>margot_robbie_4k_8k-1280x720.jpg</filename>
	<path/>
	<source>
		<database>Unknown</database>
	</source>
	<size>
		<width>1</width>
		<height>1</height>
		<depth>1</depth>
	</size>
	<segmented>0</segmented>
	<object>
		<name>face</name>
		<pose>Unspecified</pose>
		<truncated>0</truncated>
		<difficult>0</difficult>
		<bndbox>
			<xmin>688</xmin>
			<ymin>203</ymin>
			<xmax>1037</xmax>
			<ymax>554</ymax>
		</bndbox>
	</object>
</annotation>
