<annotation verified="yes">
	<folder>save</folder>
	<filename>mary_elle_fanning_with_light_blue_t_shirt_in_black_background_hd_mary_elle_fanning-1280x720.jpg</filename>
	<path/>
	<source>
		<database>Unknown</database>
	</source>
	<size>
		<width>1</width>
		<height>1</height>
		<depth>1</depth>
	</size>
	<segmented>0</segmented>
	<object>
		<name>face</name>
		<pose>Unspecified</pose>
		<truncated>0</truncated>
		<difficult>0</difficult>
		<bndbox>
			<xmin>471</xmin>
			<ymin>185</ymin>
			<xmax>803</xmax>
			<ymax>515</ymax>
		</bndbox>
	</object>
</annotation>
