<annotation verified="yes">
	<folder>save</folder>
	<filename>mary_elle_fanning_is_standing_with_white_shirt_and_coat_near_window_4k_hd_mary_elle_fanning-1280x720.jpg</filename>
	<path/>
	<source>
		<database>Unknown</database>
	</source>
	<size>
		<width>1</width>
		<height>1</height>
		<depth>1</depth>
	</size>
	<segmented>0</segmented>
	<object>
		<name>face</name>
		<pose>Unspecified</pose>
		<truncated>0</truncated>
		<difficult>0</difficult>
		<bndbox>
			<xmin>376</xmin>
			<ymin>113</ymin>
			<xmax>659</xmax>
			<ymax>386</ymax>
		</bndbox>
	</object>
</annotation>
