<annotation verified="yes">
	<folder>save</folder>
	<filename>mask-ht-er-200108_hpMain_v3x4_4x5_608.jpg</filename>
	<path/>
	<source>
		<database>Unknown</database>
	</source>
	<size>
		<width>1</width>
		<height>1</height>
		<depth>1</depth>
	</size>
	<segmented>0</segmented>
	<object>
		<name>face</name>
		<pose>Unspecified</pose>
		<truncated>0</truncated>
		<difficult>0</difficult>
		<bndbox>
			<xmin>174</xmin>
			<ymin>161</ymin>
			<xmax>392</xmax>
			<ymax>382</ymax>
		</bndbox>
	</object>
</annotation>
