<annotation verified="yes">
	<folder>save</folder>
	<filename>mens-haircut-hairstyle-red-mullet-editorial-MFH23-MFH21-Man-For-Himself-4-600x600.jpg</filename>
	<path/>
	<source>
		<database>Unknown</database>
	</source>
	<size>
		<width>1</width>
		<height>1</height>
		<depth>1</depth>
	</size>
	<segmented>0</segmented>
	<object>
		<name>face</name>
		<pose>Unspecified</pose>
		<truncated>0</truncated>
		<difficult>0</difficult>
		<bndbox>
			<xmin>117</xmin>
			<ymin>235</ymin>
			<xmax>318</xmax>
			<ymax>432</ymax>
		</bndbox>
	</object>
</annotation>
