<annotation verified="yes">
	<folder>save</folder>
	<filename>model_margherita_sicignano_with_gray_eyes_hd_margherita_sicignano-1280x720.jpg</filename>
	<path/>
	<source>
		<database>Unknown</database>
	</source>
	<size>
		<width>1</width>
		<height>1</height>
		<depth>1</depth>
	</size>
	<segmented>0</segmented>
	<object>
		<name>face</name>
		<pose>Unspecified</pose>
		<truncated>0</truncated>
		<difficult>0</difficult>
		<bndbox>
			<xmin>548</xmin>
			<ymin>143</ymin>
			<xmax>859</xmax>
			<ymax>461</ymax>
		</bndbox>
	</object>
</annotation>
