<annotation verified="yes">
	<folder>save</folder>
	<filename>mulan_yifei_liu_2020_4k-1280x720.jpg</filename>
	<path/>
	<source>
		<database>Unknown</database>
	</source>
	<size>
		<width>1</width>
		<height>1</height>
		<depth>1</depth>
	</size>
	<segmented>0</segmented>
	<object>
		<name>face</name>
		<pose>Unspecified</pose>
		<truncated>0</truncated>
		<difficult>0</difficult>
		<bndbox>
			<xmin>601</xmin>
			<ymin>248</ymin>
			<xmax>786</xmax>
			<ymax>428</ymax>
		</bndbox>
	</object>
</annotation>
