<annotation verified="yes">
	<folder>save</folder>
	<filename>nice_looking_girl_model_with_lipstick_and_short_brown_hair_4k_hd_girl-1280x720.jpg</filename>
	<path/>
	<source>
		<database>Unknown</database>
	</source>
	<size>
		<width>1</width>
		<height>1</height>
		<depth>1</depth>
	</size>
	<segmented>0</segmented>
	<object>
		<name>face</name>
		<pose>Unspecified</pose>
		<truncated>0</truncated>
		<difficult>0</difficult>
		<bndbox>
			<xmin>357</xmin>
			<ymin>244</ymin>
			<xmax>710</xmax>
			<ymax>627</ymax>
		</bndbox>
	</object>
</annotation>
