<annotation verified="yes">
	<folder>save</folder>
	<filename>portrait-handsome-man-looking-up-showing-something-isolated-white-cheerful-young-wall-127739406.jpg</filename>
	<path/>
	<source>
		<database>Unknown</database>
	</source>
	<size>
		<width>1</width>
		<height>1</height>
		<depth>1</depth>
	</size>
	<segmented>0</segmented>
	<object>
		<name>face</name>
		<pose>Unspecified</pose>
		<truncated>0</truncated>
		<difficult>0</difficult>
		<bndbox>
			<xmin>590</xmin>
			<ymin>253</ymin>
			<xmax>893</xmax>
			<ymax>554</ymax>
		</bndbox>
	</object>
</annotation>
