<annotation verified="yes">
	<folder>save</folder>
	<filename>portrait-einer-jungen-frau-die-nach-links-schaut-24328020.jpg</filename>
	<path/>
	<source>
		<database>Unknown</database>
	</source>
	<size>
		<width>1</width>
		<height>1</height>
		<depth>1</depth>
	</size>
	<segmented>0</segmented>
	<object>
		<name>face</name>
		<pose>Unspecified</pose>
		<truncated>0</truncated>
		<difficult>0</difficult>
		<bndbox>
			<xmin>325</xmin>
			<ymin>248</ymin>
			<xmax>659</xmax>
			<ymax>610</ymax>
		</bndbox>
	</object>
</annotation>
