<annotation verified="yes">
	<folder>save</folder>
	<filename>president_joe_biden_is_wearing_white_shirt_black_coat_and_blue_tie_hd_joe_biden-1280x720.jpg</filename>
	<path/>
	<source>
		<database>Unknown</database>
	</source>
	<size>
		<width>1</width>
		<height>1</height>
		<depth>1</depth>
	</size>
	<segmented>0</segmented>
	<object>
		<name>face</name>
		<pose>Unspecified</pose>
		<truncated>0</truncated>
		<difficult>0</difficult>
		<bndbox>
			<xmin>474</xmin>
			<ymin>154</ymin>
			<xmax>718</xmax>
			<ymax>408</ymax>
		</bndbox>
	</object>
</annotation>
